timestamp,location,sensor,value
2023-12-31T20:40:00.000Z,zone-a,pressure,1004
2023-12-31T21:08:00.000Z,zone-d,pressure,1002.4
2023-12-31T23:50:00.000Z,zone-a,humidity,62
2024-01-01T00:02:00.000Z,zone-d,temperature,32.1
2024-01-01T00:04:00.000Z,zone-b,pressure,1011.2
2024-01-01T03:07:00.000Z,zone-d,humidity,74.7
2024-01-01T04:24:00.000Z,zone-c,humidity,68.8
2024-01-01T05:00:00.000Z,zone-a,temperature,22.4
2024-01-01T07:39:00.000Z,zone-c,temperature,21
2024-01-01T08:17:00.000Z,zone-c,light,481.2
2024-01-01T09:53:00.000Z,zone-c,pressure,1019.7
2024-01-01T10:17:00.000Z,zone-b,light,186.4
2024-01-01T14:03:00.000Z,zone-b,humidity,62.7
2024-01-01T16:22:00.000Z,zone-b,temperature,25.4
2024-01-01T17:35:00.000Z,zone-a,light,488.2
2024-01-01T18:22:00.000Z,zone-d,light,701.8
2024-01-01T20:08:00.000Z,zone-c,light,146.2
2024-01-01T20:22:00.000Z,zone-b,temperature,19.1
2024-01-01T20:59:00.000Z,zone-a,pressure,1017
2024-01-01T22:40:00.000Z,zone-a,humidity,40.6
2024-01-02T02:08:00.000Z,zone-d,light,893.8
2024-01-02T02:56:00.000Z,zone-b,light,524.6
2024-01-02T03:42:00.000Z,zone-c,temperature,32
2024-01-02T04:54:00.000Z,zone-c,pressure,1014.5
2024-01-02T07:11:00.000Z,zone-c,humidity,53.2
2024-01-02T07:41:00.000Z,zone-a,temperature,32.3
2024-01-02T07:48:00.000Z,zone-d,humidity,38.5
2024-01-02T10:54:00.000Z,zone-d,temperature,18.4
2024-01-02T11:51:00.000Z,zone-b,humidity,37
2024-01-02T12:18:00.000Z,zone-d,pressure,1012.9
2024-01-02T13:23:00.000Z,zone-b,pressure,1006.6
2024-01-02T16:45:00.000Z,zone-a,light,605.5
2024-01-02T18:45:00.000Z,zone-d,temperature,24.4
2024-01-02T19:44:00.000Z,zone-c,pressure,1000
2024-01-02T22:52:00.000Z,zone-c,light,373.6
2024-01-03T00:34:00.000Z,zone-a,humidity,45.9
2024-01-03T01:11:00.000Z,zone-b,pressure,1010.6
2024-01-03T01:47:00.000Z,zone-c,temperature,32.5
2024-01-03T07:08:00.000Z,zone-d,humidity,75.4
2024-01-03T07:58:00.000Z,zone-c,humidity,50
2024-01-03T08:03:00.000Z,zone-b,light,779.5
2024-01-03T08:05:00.000Z,zone-d,pressure,1017.8
2024-01-03T09:38:00.000Z,zone-b,humidity,62.6
2024-01-03T10:26:00.000Z,zone-d,light,605.2
2024-01-03T11:46:00.000Z,zone-a,temperature,26.3
2024-01-03T16:12:00.000Z,zone-a,light,871.3
2024-01-03T16:16:00.000Z,zone-a,pressure,1018.6
2024-01-03T17:10:00.000Z,zone-b,temperature,22.6
2024-01-03T23:44:00.000Z,zone-c,light,728.1
2024-01-03T23:50:00.000Z,zone-a,humidity,58
2024-01-04T00:41:00.000Z,zone-d,light,749.5
2024-01-04T02:40:00.000Z,zone-d,temperature,20.2
2024-01-04T03:37:00.000Z,zone-a,pressure,998.4
2024-01-04T03:51:00.000Z,zone-b,pressure,1017.2
2024-01-04T04:35:00.000Z,zone-a,temperature,21.6
2024-01-04T04:52:00.000Z,zone-b,humidity,57.9
2024-01-04T06:48:00.000Z,zone-b,temperature,22.1
2024-01-04T07:57:00.000Z,zone-b,light,652
2024-01-04T08:22:00.000Z,zone-d,pressure,1015
2024-01-04T08:26:00.000Z,zone-d,humidity,39.1
2024-01-04T08:33:00.000Z,zone-c,pressure,996.1
2024-01-04T08:58:00.000Z,zone-c,humidity,75.9
2024-01-04T16:44:00.000Z,zone-c,temperature,15.7
2024-01-04T17:39:00.000Z,zone-a,light,606.3
2024-01-04T20:51:00.000Z,zone-d,temperature,31.3
2024-01-04T23:09:00.000Z,zone-c,pressure,990.9
2024-01-05T02:29:00.000Z,zone-c,temperature,21.6
2024-01-05T02:37:00.000Z,zone-a,light,455.3
2024-01-05T04:27:00.000Z,zone-b,light,166.6
2024-01-05T04:55:00.000Z,zone-d,pressure,999.4
2024-01-05T06:02:00.000Z,zone-b,temperature,33.6
2024-01-05T06:09:00.000Z,zone-d,light,213.3
2024-01-05T09:19:00.000Z,zone-d,humidity,63.4
2024-01-05T11:55:00.000Z,zone-a,temperature,27.5
2024-01-05T12:12:00.000Z,zone-a,pressure,999.5
2024-01-05T12:34:00.000Z,zone-b,pressure,1010.4
2024-01-05T13:18:00.000Z,zone-c,light,200.2
2024-01-05T15:36:00.000Z,zone-b,humidity,51.2
2024-01-05T17:10:00.000Z,zone-c,humidity,35.8
2024-01-05T17:24:00.000Z,zone-a,humidity,79.3
2024-01-05T22:25:00.000Z,zone-a,pressure,1002
2024-01-06T00:03:00.000Z,zone-a,humidity,32.1
2024-01-06T00:49:00.000Z,zone-c,temperature,29.8
2024-01-06T01:11:00.000Z,zone-d,humidity,78.7
2024-01-06T01:27:00.000Z,zone-c,pressure,1004.6
2024-01-06T03:04:00.000Z,zone-b,humidity,45.5
2024-01-06T03:33:00.000Z,zone-d,pressure,991.1
2024-01-06T03:40:00.000Z,zone-a,temperature,25.4
2024-01-06T08:38:00.000Z,zone-b,light,757.6
2024-01-06T08:54:00.000Z,zone-c,humidity,67.1
2024-01-06T10:50:00.000Z,zone-b,temperature,21.7
2024-01-06T11:31:00.000Z,zone-c,light,721
2024-01-06T14:41:00.000Z,zone-a,light,567.7
2024-01-06T15:21:00.000Z,zone-d,temperature,22.4
2024-01-06T17:18:00.000Z,zone-d,light,529.2
2024-01-06T17:33:00.000Z,zone-b,pressure,1013.9
2024-01-06T19:09:00.000Z,zone-d,pressure,999.4
2024-01-06T20:10:00.000Z,zone-d,humidity,60.3
2024-01-06T20:55:00.000Z,zone-b,pressure,1001.8
2024-01-06T21:40:00.000Z,zone-a,humidity,46
2024-01-07T01:03:00.000Z,zone-a,pressure,1004.9
2024-01-07T01:57:00.000Z,zone-d,temperature,20.1
2024-01-07T03:07:00.000Z,zone-b,humidity,74.4
2024-01-07T04:50:00.000Z,zone-c,light,482
2024-01-07T08:43:00.000Z,zone-b,light,158.4
2024-01-07T11:00:00.000Z,zone-c,humidity,77.6
2024-01-07T12:58:00.000Z,zone-c,temperature,17.9
2024-01-07T14:30:00.000Z,zone-d,light,313.8
2024-01-07T15:02:00.000Z,zone-b,temperature,22.1
2024-01-07T15:57:00.000Z,zone-a,temperature,17.1
2024-01-07T16:17:00.000Z,zone-c,pressure,996.2
2024-01-07T16:33:00.000Z,zone-a,light,869.4
2024-01-07T19:18:00.000Z,zone-d,pressure,1010.4
2024-01-07T20:34:00.000Z,zone-c,temperature,24.6
2024-01-07T22:10:00.000Z,zone-b,humidity,42.7
2024-01-07T22:45:00.000Z,zone-b,light,531.7
2024-01-08T00:49:00.000Z,zone-a,humidity,30.4
2024-01-08T00:58:00.000Z,zone-a,light,322.4
2024-01-08T02:02:00.000Z,zone-d,humidity,77.5
2024-01-08T05:35:00.000Z,zone-b,pressure,998.8
2024-01-08T06:07:00.000Z,zone-d,light,827.8
2024-01-08T06:39:00.000Z,zone-b,temperature,25
2024-01-08T06:48:00.000Z,zone-a,temperature,32.5
2024-01-08T08:25:00.000Z,zone-d,temperature,31.9
2024-01-08T11:46:00.000Z,zone-c,pressure,990.2
2024-01-08T15:03:00.000Z,zone-a,pressure,999.2
2024-01-08T15:45:00.000Z,zone-c,humidity,45.2
2024-01-08T18:03:00.000Z,zone-c,light,685.3
2024-01-08T19:39:00.000Z,zone-a,pressure,1012.8
2024-01-08T21:18:00.000Z,zone-c,pressure,1008.6
2024-01-08T23:09:00.000Z,zone-d,temperature,28.6
2024-01-09T00:49:00.000Z,zone-d,humidity,43.3
2024-01-09T01:53:00.000Z,zone-c,temperature,28.4
2024-01-09T02:01:00.000Z,zone-b,light,129.6
2024-01-09T02:18:00.000Z,zone-a,humidity,66
2024-01-09T02:19:00.000Z,zone-a,light,893.3
2024-01-09T05:06:00.000Z,zone-c,humidity,37.9
2024-01-09T05:32:00.000Z,zone-a,temperature,16.9
2024-01-09T05:59:00.000Z,zone-b,humidity,32.4
2024-01-09T07:31:00.000Z,zone-b,pressure,1007.5
2024-01-09T08:09:00.000Z,zone-b,temperature,18.8
2024-01-09T12:02:00.000Z,zone-d,light,733.2
2024-01-09T14:02:00.000Z,zone-d,pressure,1004.3
2024-01-09T14:54:00.000Z,zone-c,light,755.9
2024-01-09T19:39:00.000Z,zone-c,light,642.2
2024-01-09T22:00:00.000Z,zone-a,pressure,990.5
2024-01-10T00:59:00.000Z,zone-a,light,894.4
2024-01-10T02:24:00.000Z,zone-d,light,360.1
2024-01-10T02:45:00.000Z,zone-c,humidity,78.3
2024-01-10T04:01:00.000Z,zone-b,light,461.2
2024-01-10T10:35:00.000Z,zone-b,humidity,35.4
2024-01-10T10:38:00.000Z,zone-a,humidity,30.7
2024-01-10T11:55:00.000Z,zone-b,temperature,30.1
2024-01-10T13:45:00.000Z,zone-d,humidity,37.9
2024-01-10T14:15:00.000Z,zone-d,temperature,19.4
2024-01-10T14:44:00.000Z,zone-c,temperature,20.3
2024-01-10T14:50:00.000Z,zone-a,temperature,34.7
2024-01-10T16:09:00.000Z,zone-c,pressure,993.3
2024-01-10T16:21:00.000Z,zone-d,pressure,1011.9
2024-01-10T16:30:00.000Z,zone-b,pressure,997
2024-01-10T18:30:00.000Z,zone-c,pressure,1006
2024-01-10T18:56:00.000Z,zone-a,pressure,990.3
2024-01-10T23:08:00.000Z,zone-b,light,619.4
2024-01-11T00:23:00.000Z,zone-a,humidity,74.4
2024-01-11T03:10:00.000Z,zone-d,temperature,23.4
2024-01-11T03:17:00.000Z,zone-a,temperature,34.2
2024-01-11T03:31:00.000Z,zone-b,humidity,50.8
2024-01-11T04:46:00.000Z,zone-c,humidity,77
2024-01-11T05:58:00.000Z,zone-d,humidity,47.2
2024-01-11T07:30:00.000Z,zone-d,pressure,1007.1
2024-01-11T08:00:00.000Z,zone-c,light,778.6
2024-01-11T09:25:00.000Z,zone-b,temperature,34.5
2024-01-11T10:07:00.000Z,zone-a,light,162.2
2024-01-11T14:14:00.000Z,zone-c,temperature,30.8
2024-01-11T15:01:00.000Z,zone-d,light,509.9
2024-01-11T16:48:00.000Z,zone-b,pressure,992.9
2024-01-11T23:32:00.000Z,zone-c,pressure,1006.7
2024-01-11T23:49:00.000Z,zone-b,humidity,63.8
2024-01-12T00:52:00.000Z,zone-b,pressure,1017.9
2024-01-12T01:44:00.000Z,zone-b,temperature,29.3
2024-01-12T02:50:00.000Z,zone-a,light,662.2
2024-01-12T06:12:00.000Z,zone-c,humidity,58.7
2024-01-12T07:58:00.000Z,zone-d,humidity,63.8
2024-01-12T10:37:00.000Z,zone-c,light,628.2
2024-01-12T14:26:00.000Z,zone-a,temperature,16.7
2024-01-12T14:50:00.000Z,zone-d,pressure,994.1
2024-01-12T15:02:00.000Z,zone-a,humidity,56.1
2024-01-12T15:03:00.000Z,zone-d,light,779.7
2024-01-12T15:25:00.000Z,zone-d,temperature,28.9
2024-01-12T15:46:00.000Z,zone-c,temperature,23.7
2024-01-12T17:06:00.000Z,zone-b,light,825.1
2024-01-12T17:25:00.000Z,zone-a,pressure,995
2024-01-12T18:43:00.000Z,zone-c,pressure,1019.9
2024-01-12T20:55:00.000Z,zone-d,humidity,78.4
2024-01-13T00:19:00.000Z,zone-b,pressure,997.1
2024-01-13T00:35:00.000Z,zone-b,humidity,74.3
2024-01-13T00:54:00.000Z,zone-d,temperature,25.8
2024-01-13T02:08:00.000Z,zone-d,light,807.7
2024-01-13T04:06:00.000Z,zone-a,pressure,999.3
2024-01-13T04:17:00.000Z,zone-d,pressure,1012.5
2024-01-13T06:20:00.000Z,zone-c,temperature,34.3
2024-01-13T06:24:00.000Z,zone-c,light,694.3
2024-01-13T08:52:00.000Z,zone-a,temperature,26.9
2024-01-13T08:57:00.000Z,zone-a,humidity,74.7
2024-01-13T09:42:00.000Z,zone-b,temperature,33.9
2024-01-13T11:23:00.000Z,zone-a,light,654.8
2024-01-13T14:36:00.000Z,zone-c,humidity,71.9
2024-01-13T15:02:00.000Z,zone-b,light,433.8
2024-01-13T20:11:00.000Z,zone-c,pressure,1000
2024-01-13T21:57:00.000Z,zone-d,light,786.9
2024-01-13T22:20:00.000Z,zone-b,humidity,76.6
2024-01-14T00:05:00.000Z,zone-b,temperature,17.9
2024-01-14T05:14:00.000Z,zone-c,humidity,77.2
2024-01-14T08:38:00.000Z,zone-a,temperature,29.6
2024-01-14T10:00:00.000Z,zone-b,light,388
2024-01-14T10:17:00.000Z,zone-c,light,328
2024-01-14T10:49:00.000Z,zone-b,pressure,994.3
2024-01-14T12:19:00.000Z,zone-d,pressure,1018.5
2024-01-14T13:36:00.000Z,zone-d,humidity,52.4
2024-01-14T14:45:00.000Z,zone-c,temperature,24.5
2024-01-14T15:55:00.000Z,zone-d,temperature,16.7
2024-01-14T16:45:00.000Z,zone-a,humidity,63
2024-01-14T17:14:00.000Z,zone-a,pressure,1018.3
2024-01-14T17:43:00.000Z,zone-a,light,190.1
2024-01-14T19:43:00.000Z,zone-d,light,835.7
2024-01-14T23:32:00.000Z,zone-d,pressure,991.8
2024-01-15T03:56:00.000Z,zone-d,humidity,66.8
2024-01-15T05:47:00.000Z,zone-a,temperature,33.9
2024-01-15T05:59:00.000Z,zone-b,pressure,993
2024-01-15T07:30:00.000Z,zone-b,humidity,59.2
2024-01-15T12:35:00.000Z,zone-c,temperature,32.5
2024-01-15T12:57:00.000Z,zone-a,pressure,1013.3
2024-01-15T13:27:00.000Z,zone-c,humidity,76
2024-01-15T13:32:00.000Z,zone-b,temperature,31.6
2024-01-15T13:50:00.000Z,zone-b,light,531.5
2024-01-15T14:07:00.000Z,zone-c,pressure,993.8
2024-01-15T15:48:00.000Z,zone-d,temperature,26
2024-01-15T16:01:00.000Z,zone-c,light,295.1
2024-01-15T16:41:00.000Z,zone-a,light,358.1
2024-01-15T17:26:00.000Z,zone-a,humidity,62.7
2024-01-15T22:37:00.000Z,zone-a,humidity,31
2024-01-15T23:35:00.000Z,zone-a,light,792.1
2024-01-16T04:16:00.000Z,zone-a,temperature,18.4
2024-01-16T05:12:00.000Z,zone-b,temperature,25.7
2024-01-16T08:57:00.000Z,zone-a,pressure,999.8
2024-01-16T09:14:00.000Z,zone-b,light,828.7
2024-01-16T09:50:00.000Z,zone-c,temperature,19.7
2024-01-16T10:21:00.000Z,zone-c,humidity,52.1
2024-01-16T10:44:00.000Z,zone-c,light,510.6
2024-01-16T11:08:00.000Z,zone-d,pressure,1011.8
2024-01-16T11:27:00.000Z,zone-d,temperature,25.8
2024-01-16T11:43:00.000Z,zone-d,light,387.1
2024-01-16T11:54:00.000Z,zone-c,pressure,1010.6
2024-01-16T14:45:00.000Z,zone-b,pressure,1006.1
2024-01-16T18:04:00.000Z,zone-d,humidity,43.1
2024-01-16T18:21:00.000Z,zone-b,humidity,77.3
2024-01-16T22:07:00.000Z,zone-a,temperature,27.8
2024-01-16T23:19:00.000Z,zone-b,light,606.6
2024-01-16T23:25:00.000Z,zone-d,pressure,1008.1
2024-01-17T01:21:00.000Z,zone-b,pressure,1010.9
2024-01-17T02:12:00.000Z,zone-a,light,369.9
2024-01-17T02:27:00.000Z,zone-c,pressure,1013.9
2024-01-17T03:01:00.000Z,zone-d,humidity,32.4
2024-01-17T03:14:00.000Z,zone-c,humidity,30.8
2024-01-17T03:19:00.000Z,zone-a,pressure,993.1
2024-01-17T04:59:00.000Z,zone-b,humidity,65
2024-01-17T05:38:00.000Z,zone-c,light,417.9
2024-01-17T10:39:00.000Z,zone-d,light,399.5
2024-01-17T10:57:00.000Z,zone-a,humidity,44.3
2024-01-17T11:26:00.000Z,zone-d,temperature,29.3
2024-01-17T13:45:00.000Z,zone-c,temperature,28.1
2024-01-17T15:32:00.000Z,zone-b,temperature,30.7
2024-01-17T20:47:00.000Z,zone-b,pressure,1005.3
2024-01-17T22:36:00.000Z,zone-c,light,787.2
2024-01-18T00:17:00.000Z,zone-a,pressure,1013.4
2024-01-18T00:46:00.000Z,zone-b,humidity,33.4
2024-01-18T00:48:00.000Z,zone-d,humidity,62.8
2024-01-18T00:55:00.000Z,zone-c,pressure,1014.6
2024-01-18T02:42:00.000Z,zone-b,light,594.1
2024-01-18T03:27:00.000Z,zone-c,humidity,64.6
2024-01-18T04:39:00.000Z,zone-c,temperature,21.2
2024-01-18T05:00:00.000Z,zone-a,light,442
2024-01-18T06:55:00.000Z,zone-d,pressure,996
2024-01-18T09:30:00.000Z,zone-d,light,224.6
2024-01-18T09:52:00.000Z,zone-b,temperature,30.7
2024-01-18T12:31:00.000Z,zone-a,temperature,27
2024-01-18T15:00:00.000Z,zone-a,humidity,55.7
2024-01-18T18:12:00.000Z,zone-d,temperature,24.9
2024-01-18T23:12:00.000Z,zone-c,humidity,65.9
2024-01-19T01:08:00.000Z,zone-b,light,503
2024-01-19T01:40:00.000Z,zone-a,pressure,995.1
2024-01-19T02:04:00.000Z,zone-d,pressure,1008.6
2024-01-19T02:09:00.000Z,zone-c,light,630.7
2024-01-19T03:16:00.000Z,zone-d,humidity,45.1
2024-01-19T04:03:00.000Z,zone-b,humidity,69
2024-01-19T04:53:00.000Z,zone-b,pressure,995.8
2024-01-19T06:06:00.000Z,zone-c,pressure,995.5
2024-01-19T08:57:00.000Z,zone-d,temperature,21.4
2024-01-19T10:32:00.000Z,zone-d,light,193.1
2024-01-19T11:14:00.000Z,zone-b,temperature,30.3
2024-01-19T14:27:00.000Z,zone-c,temperature,30.9
2024-01-19T15:18:00.000Z,zone-a,humidity,45.8
2024-01-19T16:38:00.000Z,zone-a,temperature,16.5
2024-01-19T17:09:00.000Z,zone-a,light,606.3
2024-01-19T21:36:00.000Z,zone-a,light,277.4
2024-01-19T23:25:00.000Z,zone-d,pressure,1009.6
2024-01-19T23:51:00.000Z,zone-a,pressure,998.5
2024-01-20T01:20:00.000Z,zone-d,light,417
2024-01-20T01:39:00.000Z,zone-a,humidity,78.3
2024-01-20T02:35:00.000Z,zone-c,temperature,23.2
2024-01-20T03:00:00.000Z,zone-b,pressure,992.5
2024-01-20T04:24:00.000Z,zone-c,light,218.6
2024-01-20T07:46:00.000Z,zone-b,temperature,17
2024-01-20T10:00:00.000Z,zone-d,temperature,18.9
2024-01-20T11:32:00.000Z,zone-c,pressure,999.6
2024-01-20T14:48:00.000Z,zone-b,humidity,37.7
2024-01-20T14:57:00.000Z,zone-d,humidity,46
2024-01-20T15:02:00.000Z,zone-c,humidity,56.2
2024-01-20T15:16:00.000Z,zone-a,temperature,29.5
2024-01-20T15:39:00.000Z,zone-b,light,295.1
2024-01-20T19:53:00.000Z,zone-d,pressure,1018.2
2024-01-20T20:28:00.000Z,zone-c,pressure,1017.4
2024-01-20T21:02:00.000Z,zone-c,light,110.9
2024-01-20T23:30:00.000Z,zone-b,temperature,24.7
2024-01-21T01:48:00.000Z,zone-a,light,698.4
2024-01-21T03:43:00.000Z,zone-a,humidity,57.3
2024-01-21T04:53:00.000Z,zone-d,temperature,30.6
2024-01-21T05:04:00.000Z,zone-b,pressure,1004.7
2024-01-21T11:16:00.000Z,zone-a,temperature,21
2024-01-21T16:35:00.000Z,zone-c,humidity,56
2024-01-21T16:48:00.000Z,zone-b,light,487.1
2024-01-21T16:59:00.000Z,zone-c,temperature,33
2024-01-21T17:20:00.000Z,zone-b,humidity,34.2
2024-01-21T17:39:00.000Z,zone-d,light,428.3
2024-01-21T17:47:00.000Z,zone-d,humidity,40.2
2024-01-21T17:54:00.000Z,zone-a,pressure,994
2024-01-21T18:41:00.000Z,zone-c,temperature,15.9
2024-01-21T20:49:00.000Z,zone-c,humidity,46.2
2024-01-21T20:53:00.000Z,zone-d,temperature,33.5
2024-01-21T21:10:00.000Z,zone-a,temperature,34.8
2024-01-22T02:42:00.000Z,zone-a,humidity,49.4
2024-01-22T04:06:00.000Z,zone-d,light,463.8
2024-01-22T04:26:00.000Z,zone-b,humidity,37
2024-01-22T05:10:00.000Z,zone-d,humidity,48.3
2024-01-22T08:33:00.000Z,zone-c,light,523.8
2024-01-22T08:59:00.000Z,zone-d,pressure,1003.7
2024-01-22T09:01:00.000Z,zone-b,pressure,1019
2024-01-22T09:32:00.000Z,zone-a,light,622.5
2024-01-22T12:54:00.000Z,zone-a,pressure,994.7
2024-01-22T13:11:00.000Z,zone-b,temperature,18.4
2024-01-22T13:23:00.000Z,zone-c,pressure,1012.4
2024-01-22T14:08:00.000Z,zone-b,light,886.7
2024-01-22T20:42:00.000Z,zone-c,humidity,77.8
2024-01-22T21:01:00.000Z,zone-c,pressure,1002.1
2024-01-23T02:02:00.000Z,zone-b,humidity,53.1
2024-01-23T03:51:00.000Z,zone-b,light,653.7
2024-01-23T04:40:00.000Z,zone-c,light,332.7
2024-01-23T07:05:00.000Z,zone-a,pressure,990.7
2024-01-23T08:57:00.000Z,zone-b,temperature,15.5
2024-01-23T09:31:00.000Z,zone-d,humidity,73.3
2024-01-23T12:00:00.000Z,zone-a,temperature,29.8
2024-01-23T12:05:00.000Z,zone-d,temperature,31.8
2024-01-23T12:44:00.000Z,zone-c,temperature,30.7
2024-01-23T13:22:00.000Z,zone-d,light,371.5
2024-01-23T14:56:00.000Z,zone-b,pressure,991.2
2024-01-23T15:34:00.000Z,zone-a,light,335
2024-01-23T16:48:00.000Z,zone-d,pressure,1015.7
2024-01-23T18:22:00.000Z,zone-a,humidity,68.4
2024-01-23T23:51:00.000Z,zone-c,humidity,51.3
2024-01-24T01:11:00.000Z,zone-a,pressure,991.4
2024-01-24T04:29:00.000Z,zone-d,temperature,30.3
2024-01-24T04:30:00.000Z,zone-a,light,637.7
2024-01-24T08:09:00.000Z,zone-d,humidity,69.7
2024-01-24T08:54:00.000Z,zone-b,pressure,1004.4
2024-01-24T09:33:00.000Z,zone-b,light,219.1
2024-01-24T09:53:00.000Z,zone-a,humidity,41.2
2024-01-24T11:02:00.000Z,zone-b,humidity,66.8
2024-01-24T13:28:00.000Z,zone-c,light,750.1
2024-01-24T14:48:00.000Z,zone-b,temperature,18.6
2024-01-24T15:02:00.000Z,zone-c,temperature,21.8
2024-01-24T15:13:00.000Z,zone-d,light,496.2
2024-01-24T16:38:00.000Z,zone-d,pressure,990.1
2024-01-24T17:04:00.000Z,zone-c,pressure,1008
2024-01-24T18:23:00.000Z,zone-a,temperature,21.1
2024-01-24T21:55:00.000Z,zone-d,temperature,31.8
2024-01-24T22:12:00.000Z,zone-d,light,260.3
2024-01-24T22:47:00.000Z,zone-d,humidity,67.6
2024-01-24T22:53:00.000Z,zone-c,light,540.2
2024-01-25T00:30:00.000Z,zone-c,temperature,17.1
2024-01-25T02:25:00.000Z,zone-a,humidity,38.7
2024-01-25T04:42:00.000Z,zone-b,temperature,24.7
2024-01-25T07:36:00.000Z,zone-a,light,277.5
2024-01-25T10:45:00.000Z,zone-d,pressure,1011
2024-01-25T11:18:00.000Z,zone-b,humidity,51.9
2024-01-25T11:44:00.000Z,zone-b,pressure,1017.3
2024-01-25T11:55:00.000Z,zone-c,pressure,1017.2
2024-01-25T12:06:00.000Z,zone-a,temperature,18.3
2024-01-25T12:22:00.000Z,zone-c,humidity,38.1
2024-01-25T14:12:00.000Z,zone-b,light,681.2
2024-01-25T16:34:00.000Z,zone-a,pressure,993.2
2024-01-25T19:56:00.000Z,zone-a,pressure,990.7
2024-01-25T20:54:00.000Z,zone-a,light,689.8
2024-01-25T23:42:00.000Z,zone-d,temperature,21.3
2024-01-26T01:26:00.000Z,zone-d,pressure,1006
2024-01-26T02:13:00.000Z,zone-c,humidity,76.8
2024-01-26T02:22:00.000Z,zone-d,humidity,69
2024-01-26T03:30:00.000Z,zone-b,pressure,997.1
2024-01-26T03:49:00.000Z,zone-a,humidity,74.7
2024-01-26T04:48:00.000Z,zone-a,temperature,32.8
2024-01-26T05:50:00.000Z,zone-c,temperature,22.7
2024-01-26T07:25:00.000Z,zone-b,light,105.4
2024-01-26T10:08:00.000Z,zone-b,humidity,32.2
2024-01-26T10:43:00.000Z,zone-c,pressure,1013.3
2024-01-26T15:12:00.000Z,zone-c,light,865.4
2024-01-26T16:08:00.000Z,zone-b,temperature,32.9
2024-01-26T17:51:00.000Z,zone-d,light,625.1
2024-01-26T18:42:00.000Z,zone-b,light,374.3
2024-01-26T20:31:00.000Z,zone-d,temperature,15.2
2024-01-26T21:06:00.000Z,zone-a,humidity,37.6
2024-01-26T21:22:00.000Z,zone-a,pressure,1014.9
2024-01-26T22:50:00.000Z,zone-c,temperature,35
2024-01-27T01:07:00.000Z,zone-c,pressure,1012.4
2024-01-27T01:36:00.000Z,zone-c,light,671.1
2024-01-27T06:35:00.000Z,zone-b,pressure,1012.8
2024-01-27T10:29:00.000Z,zone-a,light,399
2024-01-27T10:59:00.000Z,zone-c,humidity,54.6
2024-01-27T12:07:00.000Z,zone-b,humidity,47.2
2024-01-27T14:58:00.000Z,zone-d,pressure,991
2024-01-27T16:01:00.000Z,zone-d,humidity,39.3
2024-01-27T17:06:00.000Z,zone-a,temperature,24.2
2024-01-27T17:17:00.000Z,zone-d,light,632.2
2024-01-27T18:02:00.000Z,zone-b,temperature,25.2
2024-01-27T18:39:00.000Z,zone-c,light,333
2024-01-28T00:05:00.000Z,zone-d,temperature,20.3
2024-01-28T00:47:00.000Z,zone-a,humidity,43.3
2024-01-28T00:57:00.000Z,zone-b,humidity,34.4
2024-01-28T02:22:00.000Z,zone-d,light,222.9
2024-01-28T04:03:00.000Z,zone-c,temperature,26.7
2024-01-28T06:50:00.000Z,zone-a,pressure,1013.4
2024-01-28T07:07:00.000Z,zone-a,temperature,25.4
2024-01-28T09:42:00.000Z,zone-a,light,651.7
2024-01-28T10:55:00.000Z,zone-c,humidity,68.9
2024-01-28T11:54:00.000Z,zone-c,pressure,995.5
2024-01-28T12:46:00.000Z,zone-b,light,882.2
2024-01-28T13:46:00.000Z,zone-d,pressure,993.5
2024-01-28T14:16:00.000Z,zone-d,humidity,42.9
2024-01-28T17:12:00.000Z,zone-b,pressure,1018.9
2024-01-28T17:43:00.000Z,zone-b,temperature,16.4
2024-01-28T18:31:00.000Z,zone-d,light,444.7
2024-01-28T21:10:00.000Z,zone-c,temperature,33.8
2024-01-28T22:36:00.000Z,zone-a,humidity,46.2
2024-01-28T23:05:00.000Z,zone-b,humidity,33.8
2024-01-28T23:24:00.000Z,zone-b,light,410.8
2024-01-29T02:08:00.000Z,zone-b,temperature,30.9
2024-01-29T03:35:00.000Z,zone-c,light,427.2
2024-01-29T06:51:00.000Z,zone-a,light,341.3
2024-01-29T07:27:00.000Z,zone-a,temperature,16.8
2024-01-29T09:20:00.000Z,zone-a,pressure,1012.5
2024-01-29T09:21:00.000Z,zone-c,pressure,990.6
2024-01-29T10:02:00.000Z,zone-d,pressure,1014.4
2024-01-29T10:48:00.000Z,zone-b,pressure,1014.9
2024-01-29T16:05:00.000Z,zone-c,humidity,76.8
2024-01-29T16:44:00.000Z,zone-d,humidity,36.1
2024-01-29T16:53:00.000Z,zone-d,temperature,28.5
2024-01-29T18:45:00.000Z,zone-d,temperature,15.8
2024-01-29T19:14:00.000Z,zone-c,temperature,16.4
2024-01-29T20:30:00.000Z,zone-c,light,642.2
2024-01-29T22:28:00.000Z,zone-a,light,484.7
2024-01-30T01:45:00.000Z,zone-d,light,199.5
2024-01-30T02:25:00.000Z,zone-a,pressure,1008.1
2024-01-30T04:17:00.000Z,zone-b,light,659.4
2024-01-30T06:10:00.000Z,zone-b,temperature,18.6
2024-01-30T08:09:00.000Z,zone-d,pressure,1000.5
2024-01-30T12:23:00.000Z,zone-c,pressure,990.8
2024-01-30T13:30:00.000Z,zone-c,humidity,39
2024-01-30T13:33:00.000Z,zone-a,temperature,27.6
2024-01-30T16:51:00.000Z,zone-b,pressure,1016
2024-01-30T17:28:00.000Z,zone-a,humidity,52.5
2024-01-30T17:32:00.000Z,zone-d,humidity,38.1
2024-01-30T17:33:00.000Z,zone-b,humidity,30.3
2024-01-30T20:29:00.000Z,zone-b,light,535.9
2024-01-30T21:38:00.000Z,zone-a,pressure,1005.7
2024-01-30T21:40:00.000Z,zone-d,temperature,19.8
2024-01-30T22:54:00.000Z,zone-c,temperature,24.5
2024-01-31T01:28:00.000Z,zone-d,pressure,1005.7
2024-01-31T01:50:00.000Z,zone-d,light,113.7
2024-01-31T03:33:00.000Z,zone-b,pressure,1016
2024-01-31T04:03:00.000Z,zone-a,humidity,54.5
2024-01-31T05:51:00.000Z,zone-a,temperature,34.6
2024-01-31T07:03:00.000Z,zone-d,humidity,51.9
2024-01-31T10:01:00.000Z,zone-c,light,592.2
2024-01-31T11:44:00.000Z,zone-c,humidity,52.5
2024-01-31T15:17:00.000Z,zone-c,pressure,1011.3
2024-01-31T16:41:00.000Z,zone-b,humidity,60.4
2024-01-31T17:16:00.000Z,zone-a,light,493.9
2024-01-31T17:51:00.000Z,zone-b,temperature,20.5
2024-01-31T20:18:00.000Z,zone-d,light,637.2
2024-02-01T00:32:00.000Z,zone-d,pressure,1010.1
2024-02-01T01:11:00.000Z,zone-c,humidity,38.3
2024-02-01T01:43:00.000Z,zone-a,light,769.4
2024-02-01T03:47:00.000Z,zone-a,pressure,1011.7
2024-02-01T05:33:00.000Z,zone-b,temperature,17.2
2024-02-01T06:53:00.000Z,zone-b,light,726.5
2024-02-01T07:37:00.000Z,zone-b,pressure,1003.9
2024-02-01T08:45:00.000Z,zone-c,temperature,34.2
2024-02-01T10:12:00.000Z,zone-d,temperature,15
2024-02-01T10:15:00.000Z,zone-a,humidity,79.7
2024-02-01T13:19:00.000Z,zone-d,humidity,48.2
2024-02-01T13:24:00.000Z,zone-a,temperature,32.1
2024-02-01T15:55:00.000Z,zone-b,humidity,56.8
2024-02-01T17:55:00.000Z,zone-c,light,859.4
2024-02-01T18:06:00.000Z,zone-c,pressure,1000.2
2024-02-01T20:06:00.000Z,zone-c,light,197.1
2024-02-01T20:11:00.000Z,zone-a,temperature,21
2024-02-01T20:20:00.000Z,zone-b,light,521.7
2024-02-01T21:36:00.000Z,zone-b,temperature,17.4
2024-02-01T23:03:00.000Z,zone-d,humidity,41.9
2024-02-02T02:43:00.000Z,zone-c,humidity,47
2024-02-02T02:43:00.000Z,zone-d,pressure,998.5
2024-02-02T02:54:00.000Z,zone-b,pressure,1016.9
2024-02-02T03:01:00.000Z,zone-b,humidity,33.1
2024-02-02T03:05:00.000Z,zone-a,pressure,1017.8
2024-02-02T03:21:00.000Z,zone-c,pressure,1011.4
2024-02-02T06:41:00.000Z,zone-a,humidity,74
2024-02-02T06:47:00.000Z,zone-d,light,141.7
2024-02-02T08:56:00.000Z,zone-d,temperature,31.5
2024-02-02T14:49:00.000Z,zone-a,light,767
2024-02-02T15:23:00.000Z,zone-c,temperature,22.5
2024-02-02T18:49:00.000Z,zone-c,humidity,77.6
2024-02-02T19:28:00.000Z,zone-c,pressure,1007
2024-02-02T21:23:00.000Z,zone-a,temperature,15.9
2024-02-02T21:47:00.000Z,zone-c,temperature,16.3
2024-02-02T22:35:00.000Z,zone-c,light,101.9
2024-02-02T22:47:00.000Z,zone-d,pressure,990.4
2024-02-03T01:08:00.000Z,zone-b,light,265.1
2024-02-03T02:47:00.000Z,zone-b,pressure,1001.5
2024-02-03T03:34:00.000Z,zone-d,temperature,19.2
2024-02-03T04:29:00.000Z,zone-d,light,889.1
2024-02-03T07:10:00.000Z,zone-b,temperature,24.4
2024-02-03T07:11:00.000Z,zone-b,humidity,73.9
2024-02-03T14:48:00.000Z,zone-d,humidity,72.5
2024-02-03T15:17:00.000Z,zone-a,pressure,994.8
2024-02-03T16:41:00.000Z,zone-a,humidity,46.2
2024-02-03T17:27:00.000Z,zone-a,light,854.9
2024-02-03T18:44:00.000Z,zone-d,pressure,990.9
2024-02-03T21:41:00.000Z,zone-c,humidity,38.5
2024-02-04T01:19:00.000Z,zone-d,temperature,32.1
2024-02-04T01:34:00.000Z,zone-a,temperature,23
2024-02-04T01:56:00.000Z,zone-d,humidity,66.2
2024-02-04T02:25:00.000Z,zone-a,light,569.4
2024-02-04T04:00:00.000Z,zone-c,light,527
2024-02-04T04:38:00.000Z,zone-c,temperature,15.7
2024-02-04T04:49:00.000Z,zone-a,pressure,1016.7
2024-02-04T05:29:00.000Z,zone-b,pressure,991.6
2024-02-04T06:02:00.000Z,zone-b,temperature,27.6
2024-02-04T11:38:00.000Z,zone-c,pressure,1006.2
2024-02-04T12:54:00.000Z,zone-d,light,435.2
2024-02-04T14:20:00.000Z,zone-b,humidity,68.3
2024-02-04T14:32:00.000Z,zone-a,humidity,72.5
2024-02-04T16:18:00.000Z,zone-b,light,585.4
2024-02-04T18:38:00.000Z,zone-b,humidity,54.1
2024-02-04T18:51:00.000Z,zone-d,light,270.7
2024-02-04T20:08:00.000Z,zone-c,temperature,17.5
2024-02-04T23:38:00.000Z,zone-c,humidity,40.2
2024-02-05T00:11:00.000Z,zone-d,humidity,40.2
2024-02-05T01:31:00.000Z,zone-d,pressure,1014.2
2024-02-05T01:54:00.000Z,zone-c,pressure,1018.3
2024-02-05T03:08:00.000Z,zone-c,light,757.4
2024-02-05T03:47:00.000Z,zone-b,pressure,1018.5
2024-02-05T05:04:00.000Z,zone-b,light,214.6
2024-02-05T07:56:00.000Z,zone-a,temperature,18.9
2024-02-05T08:15:00.000Z,zone-a,humidity,38
2024-02-05T09:12:00.000Z,zone-a,light,383.1
2024-02-05T12:00:00.000Z,zone-b,temperature,16.9
2024-02-05T12:20:00.000Z,zone-d,temperature,22.8
2024-02-05T16:40:00.000Z,zone-a,pressure,996.8
2024-02-05T18:57:00.000Z,zone-b,pressure,992.6
2024-02-05T19:59:00.000Z,zone-c,pressure,1004.6
2024-02-05T22:04:00.000Z,zone-a,humidity,62.8
2024-02-05T23:09:00.000Z,zone-d,temperature,22.5
2024-02-05T23:16:00.000Z,zone-c,humidity,53.2
2024-02-05T23:41:00.000Z,zone-c,temperature,27.9
2024-02-06T01:33:00.000Z,zone-b,temperature,19.3
2024-02-06T01:34:00.000Z,zone-a,light,729.6
2024-02-06T02:48:00.000Z,zone-c,light,519.9
2024-02-06T03:03:00.000Z,zone-d,humidity,41.6
2024-02-06T03:36:00.000Z,zone-d,light,197
2024-02-06T06:33:00.000Z,zone-b,light,358.1
2024-02-06T08:20:00.000Z,zone-a,temperature,31.2
2024-02-06T10:54:00.000Z,zone-d,pressure,1005.3
2024-02-06T14:45:00.000Z,zone-b,humidity,37.3
2024-02-06T17:37:00.000Z,zone-a,pressure,1014.2
2024-02-06T18:54:00.000Z,zone-a,light,430.7
2024-02-06T21:08:00.000Z,zone-a,pressure,997.9
2024-02-06T21:20:00.000Z,zone-d,temperature,24.1
2024-02-06T21:44:00.000Z,zone-a,humidity,34.3
2024-02-07T01:45:00.000Z,zone-d,light,490
2024-02-07T01:46:00.000Z,zone-d,pressure,992.3
2024-02-07T03:15:00.000Z,zone-b,light,163.9
2024-02-07T03:45:00.000Z,zone-b,pressure,1012
2024-02-07T03:52:00.000Z,zone-c,light,740.9
2024-02-07T04:26:00.000Z,zone-c,temperature,26.1
2024-02-07T05:53:00.000Z,zone-b,temperature,20.7
2024-02-07T09:40:00.000Z,zone-c,pressure,1001.1
2024-02-07T10:00:00.000Z,zone-c,humidity,72.8
2024-02-07T11:57:00.000Z,zone-d,humidity,39
2024-02-07T17:08:00.000Z,zone-b,humidity,64.6
2024-02-07T18:26:00.000Z,zone-a,temperature,16.7
2024-02-07T20:33:00.000Z,zone-d,pressure,1012.8
2024-02-07T21:04:00.000Z,zone-c,light,469.7
2024-02-08T01:34:00.000Z,zone-c,temperature,17.1
2024-02-08T01:46:00.000Z,zone-d,humidity,56.1
2024-02-08T03:15:00.000Z,zone-c,humidity,49
2024-02-08T04:16:00.000Z,zone-b,pressure,991.1
2024-02-08T06:08:00.000Z,zone-a,light,711.6
2024-02-08T06:11:00.000Z,zone-b,temperature,34.2
2024-02-08T09:21:00.000Z,zone-d,light,694.7
2024-02-08T11:53:00.000Z,zone-a,humidity,78.3
2024-02-08T12:38:00.000Z,zone-b,light,628.6
2024-02-08T12:39:00.000Z,zone-c,pressure,1002.1
2024-02-08T13:40:00.000Z,zone-a,temperature,23.8
2024-02-08T16:00:00.000Z,zone-b,humidity,43.6
2024-02-08T16:58:00.000Z,zone-a,pressure,1011.1
2024-02-08T17:08:00.000Z,zone-d,temperature,16.1
2024-02-08T19:01:00.000Z,zone-b,temperature,22.3
2024-02-08T21:54:00.000Z,zone-d,humidity,78.3
2024-02-08T23:33:00.000Z,zone-a,humidity,55.8
2024-02-09T00:58:00.000Z,zone-a,light,147.3
2024-02-09T03:04:00.000Z,zone-c,light,567.5
2024-02-09T03:12:00.000Z,zone-b,light,160.4
2024-02-09T05:12:00.000Z,zone-d,temperature,28
2024-02-09T07:53:00.000Z,zone-b,pressure,1009.1
2024-02-09T08:04:00.000Z,zone-c,temperature,15.7
2024-02-09T08:36:00.000Z,zone-c,pressure,998.3
2024-02-09T10:26:00.000Z,zone-d,pressure,996.4
2024-02-09T12:23:00.000Z,zone-b,humidity,67.9
2024-02-09T12:48:00.000Z,zone-a,temperature,27
2024-02-09T14:11:00.000Z,zone-c,humidity,63.9
2024-02-09T14:29:00.000Z,zone-d,light,780.8
2024-02-09T17:37:00.000Z,zone-a,pressure,995.9
2024-02-09T18:49:00.000Z,zone-c,pressure,998.6
2024-02-09T19:30:00.000Z,zone-a,humidity,36.4
2024-02-09T19:57:00.000Z,zone-d,humidity,42.3
2024-02-10T01:27:00.000Z,zone-d,light,860.2
2024-02-10T03:17:00.000Z,zone-b,temperature,23.8
2024-02-10T04:45:00.000Z,zone-a,pressure,991.1
2024-02-10T05:00:00.000Z,zone-c,temperature,15
2024-02-10T05:41:00.000Z,zone-c,light,549.9
2024-02-10T05:55:00.000Z,zone-d,pressure,1000
2024-02-10T06:24:00.000Z,zone-a,light,746.6
2024-02-10T07:51:00.000Z,zone-b,pressure,1005.5
2024-02-10T09:44:00.000Z,zone-d,temperature,24.7
2024-02-10T10:51:00.000Z,zone-a,temperature,32.6
2024-02-10T14:41:00.000Z,zone-c,humidity,31.7
2024-02-10T15:07:00.000Z,zone-b,humidity,65.3
2024-02-10T17:49:00.000Z,zone-b,light,125.5
2024-02-10T19:00:00.000Z,zone-b,pressure,1012.8
2024-02-10T19:42:00.000Z,zone-c,pressure,1008.9
2024-02-10T20:42:00.000Z,zone-a,humidity,32.5
2024-02-10T21:17:00.000Z,zone-d,light,714.1
2024-02-10T21:58:00.000Z,zone-a,temperature,18.8
2024-02-10T23:34:00.000Z,zone-b,humidity,48.1
2024-02-10T23:51:00.000Z,zone-b,light,222.4
2024-02-11T02:17:00.000Z,zone-c,light,840.7
2024-02-11T03:08:00.000Z,zone-d,humidity,32.1
2024-02-11T04:44:00.000Z,zone-c,temperature,21
2024-02-11T07:46:00.000Z,zone-d,temperature,31.7
2024-02-11T08:03:00.000Z,zone-d,pressure,1016
2024-02-11T08:42:00.000Z,zone-b,temperature,25.2
2024-02-11T11:26:00.000Z,zone-c,humidity,32.3
2024-02-11T11:50:00.000Z,zone-a,light,834
2024-02-11T14:52:00.000Z,zone-a,pressure,996.4
2024-02-11T19:15:00.000Z,zone-d,pressure,1002.6
2024-02-11T20:38:00.000Z,zone-a,light,592.7
2024-02-11T22:05:00.000Z,zone-a,humidity,68.9
2024-02-12T00:14:00.000Z,zone-b,temperature,30.3
2024-02-12T02:43:00.000Z,zone-c,pressure,1011.1
2024-02-12T04:21:00.000Z,zone-b,light,890.8
2024-02-12T06:54:00.000Z,zone-a,temperature,20.6
2024-02-12T07:01:00.000Z,zone-c,temperature,34.5
2024-02-12T07:54:00.000Z,zone-d,light,488.6
2024-02-12T08:24:00.000Z,zone-c,light,437.5
2024-02-12T09:37:00.000Z,zone-b,pressure,1014.1
2024-02-12T12:41:00.000Z,zone-c,humidity,37.9
2024-02-12T15:40:00.000Z,zone-b,humidity,32.3
2024-02-12T15:54:00.000Z,zone-d,temperature,18.5
2024-02-12T16:01:00.000Z,zone-a,pressure,1016.5
2024-02-12T16:53:00.000Z,zone-d,humidity,46.9
2024-02-12T19:27:00.000Z,zone-b,temperature,25.9
2024-02-12T21:34:00.000Z,zone-d,pressure,1008.2
2024-02-12T22:01:00.000Z,zone-c,temperature,26.8
2024-02-12T23:06:00.000Z,zone-c,pressure,1009.9
2024-02-12T23:22:00.000Z,zone-a,temperature,34.6
2024-02-13T02:11:00.000Z,zone-d,humidity,38
2024-02-13T03:52:00.000Z,zone-b,light,511.3
2024-02-13T05:38:00.000Z,zone-c,humidity,33.2
2024-02-13T05:46:00.000Z,zone-d,light,819.1
2024-02-13T06:12:00.000Z,zone-d,temperature,21.5
2024-02-13T06:16:00.000Z,zone-c,light,647.3
2024-02-13T06:29:00.000Z,zone-b,humidity,56.5
2024-02-13T07:48:00.000Z,zone-a,humidity,44.6
2024-02-13T15:42:00.000Z,zone-a,light,885.6
2024-02-13T17:32:00.000Z,zone-a,pressure,1005.4
2024-02-13T17:58:00.000Z,zone-b,pressure,1010.2
2024-02-13T19:49:00.000Z,zone-a,humidity,62.2
2024-02-13T19:55:00.000Z,zone-d,light,835.4
2024-02-13T20:49:00.000Z,zone-b,pressure,1013.1
2024-02-13T21:37:00.000Z,zone-d,temperature,21.3
2024-02-13T22:16:00.000Z,zone-a,temperature,23.6
2024-02-13T22:27:00.000Z,zone-c,pressure,1014.6
2024-02-13T22:31:00.000Z,zone-c,light,786.3
2024-02-14T00:54:00.000Z,zone-d,humidity,47.7
2024-02-14T01:48:00.000Z,zone-d,pressure,1008.6
2024-02-14T03:50:00.000Z,zone-c,temperature,32.6
2024-02-14T03:57:00.000Z,zone-b,temperature,31.5
2024-02-14T04:15:00.000Z,zone-b,humidity,69.1
2024-02-14T07:06:00.000Z,zone-a,light,157.5
2024-02-14T11:22:00.000Z,zone-b,light,708.9
2024-02-14T15:03:00.000Z,zone-a,pressure,1008.7
2024-02-14T15:12:00.000Z,zone-c,humidity,75.6
2024-02-14T18:51:00.000Z,zone-d,pressure,1005.4
2024-02-14T21:49:00.000Z,zone-c,light,804.3
2024-02-14T22:43:00.000Z,zone-d,temperature,31.8
2024-02-15T02:05:00.000Z,zone-d,light,683
2024-02-15T02:34:00.000Z,zone-b,temperature,15.8
2024-02-15T03:20:00.000Z,zone-d,humidity,59.3
2024-02-15T05:54:00.000Z,zone-b,humidity,46.5
2024-02-15T06:28:00.000Z,zone-a,humidity,79.7
2024-02-15T06:35:00.000Z,zone-c,humidity,69.4
2024-02-15T08:02:00.000Z,zone-a,light,254.7
2024-02-15T08:14:00.000Z,zone-c,temperature,30.4
2024-02-15T10:14:00.000Z,zone-b,pressure,991.3
2024-02-15T11:03:00.000Z,zone-a,temperature,33.3
2024-02-15T11:35:00.000Z,zone-a,pressure,997.2
2024-02-15T15:17:00.000Z,zone-c,pressure,1019.4
2024-02-15T18:26:00.000Z,zone-b,light,192.4
2024-02-15T19:22:00.000Z,zone-a,humidity,45.1
2024-02-15T21:08:00.000Z,zone-c,humidity,54.3
2024-02-15T21:49:00.000Z,zone-a,temperature,27.5
2024-02-15T23:25:00.000Z,zone-d,light,706.1
2024-02-16T00:23:00.000Z,zone-a,light,838.5
2024-02-16T00:54:00.000Z,zone-d,humidity,42
2024-02-16T01:37:00.000Z,zone-b,light,774.2
2024-02-16T05:39:00.000Z,zone-b,humidity,41
2024-02-16T07:17:00.000Z,zone-b,pressure,1013.3
2024-02-16T08:09:00.000Z,zone-c,light,337.6
2024-02-16T08:48:00.000Z,zone-c,pressure,1010.6
2024-02-16T09:11:00.000Z,zone-d,pressure,1001.4
2024-02-16T10:28:00.000Z,zone-d,temperature,28.9
2024-02-16T15:23:00.000Z,zone-b,temperature,18.9
2024-02-16T16:05:00.000Z,zone-a,pressure,1004
2024-02-16T18:04:00.000Z,zone-c,temperature,24.7
2024-02-16T18:55:00.000Z,zone-b,temperature,20.5
2024-02-16T19:11:00.000Z,zone-a,temperature,32.6
2024-02-17T02:13:00.000Z,zone-c,temperature,18.2
2024-02-17T02:54:00.000Z,zone-d,humidity,51.6
2024-02-17T04:08:00.000Z,zone-b,humidity,48.8
2024-02-17T04:20:00.000Z,zone-d,light,832.2
2024-02-17T08:53:00.000Z,zone-c,light,343.8
2024-02-17T09:05:00.000Z,zone-d,temperature,32.5
2024-02-17T09:33:00.000Z,zone-d,pressure,1002.3
2024-02-17T09:56:00.000Z,zone-a,humidity,32
2024-02-17T12:55:00.000Z,zone-c,pressure,997.3
2024-02-17T12:57:00.000Z,zone-b,pressure,1010.7
2024-02-17T13:44:00.000Z,zone-a,light,428.5
2024-02-17T15:20:00.000Z,zone-c,humidity,34.7
2024-02-17T15:51:00.000Z,zone-b,light,688.2
2024-02-17T17:06:00.000Z,zone-a,pressure,1001.9
2024-02-17T20:03:00.000Z,zone-b,light,304.1
2024-02-17T20:52:00.000Z,zone-b,pressure,1017.9
2024-02-17T21:31:00.000Z,zone-b,temperature,27.6
2024-02-17T23:42:00.000Z,zone-a,temperature,23
2024-02-18T00:19:00.000Z,zone-d,humidity,38.6
2024-02-18T02:47:00.000Z,zone-c,humidity,50.8
2024-02-18T04:31:00.000Z,zone-a,humidity,32
2024-02-18T05:18:00.000Z,zone-b,humidity,46
2024-02-18T05:57:00.000Z,zone-c,temperature,34.3
2024-02-18T06:22:00.000Z,zone-c,light,757.6
2024-02-18T08:58:00.000Z,zone-a,pressure,1008.3
2024-02-18T10:16:00.000Z,zone-d,light,375.3
2024-02-18T11:06:00.000Z,zone-c,pressure,1013.4
2024-02-18T14:51:00.000Z,zone-d,temperature,25.7
2024-02-18T15:25:00.000Z,zone-a,light,448.5
2024-02-18T17:57:00.000Z,zone-d,pressure,1013.9
2024-02-19T02:30:00.000Z,zone-c,humidity,62.8
2024-02-19T03:17:00.000Z,zone-a,pressure,1005
2024-02-19T03:42:00.000Z,zone-b,humidity,58.3
2024-02-19T03:42:00.000Z,zone-c,pressure,1013.8
2024-02-19T04:40:00.000Z,zone-a,temperature,30.5
2024-02-19T04:41:00.000Z,zone-c,light,591
2024-02-19T06:29:00.000Z,zone-a,light,627.8
2024-02-19T07:41:00.000Z,zone-d,temperature,33.1
2024-02-19T10:28:00.000Z,zone-d,pressure,1003.5
2024-02-19T10:44:00.000Z,zone-d,light,299.9
2024-02-19T12:19:00.000Z,zone-b,light,766.9
2024-02-19T13:48:00.000Z,zone-d,humidity,68.5
2024-02-19T13:59:00.000Z,zone-c,temperature,24.3
2024-02-19T14:49:00.000Z,zone-b,temperature,18
2024-02-19T16:27:00.000Z,zone-b,pressure,994.5
2024-02-19T17:49:00.000Z,zone-a,humidity,69.8
2024-02-19T19:18:00.000Z,zone-c,pressure,1017.9
2024-02-19T21:15:00.000Z,zone-b,humidity,31.4
2024-02-19T22:33:00.000Z,zone-d,temperature,20.3
2024-02-19T23:28:00.000Z,zone-d,humidity,53.8
2024-02-20T00:38:00.000Z,zone-b,pressure,1007
2024-02-20T01:23:00.000Z,zone-d,light,275.8
2024-02-20T01:42:00.000Z,zone-b,temperature,23.9
2024-02-20T01:47:00.000Z,zone-a,temperature,33.1
2024-02-20T02:04:00.000Z,zone-c,humidity,75.6
2024-02-20T04:17:00.000Z,zone-c,temperature,19.3
2024-02-20T04:52:00.000Z,zone-c,light,177.3
2024-02-20T04:53:00.000Z,zone-a,light,739.4
2024-02-20T06:00:00.000Z,zone-b,light,166.9
2024-02-20T09:24:00.000Z,zone-a,humidity,65.4
2024-02-20T12:00:00.000Z,zone-a,pressure,1013.1
2024-02-20T12:25:00.000Z,zone-d,pressure,997.6
2024-02-20T19:45:00.000Z,zone-d,pressure,991.9
2024-02-20T20:44:00.000Z,zone-a,temperature,26.9
2024-02-20T21:54:00.000Z,zone-b,pressure,1019.9
2024-02-20T23:57:00.000Z,zone-a,humidity,43.5
2024-02-21T00:14:00.000Z,zone-c,pressure,1008.1
2024-02-21T01:33:00.000Z,zone-c,humidity,60.2
2024-02-21T02:17:00.000Z,zone-b,temperature,28.8
2024-02-21T04:05:00.000Z,zone-d,humidity,58.2
2024-02-21T05:18:00.000Z,zone-a,light,118
2024-02-21T09:56:00.000Z,zone-d,light,195.6
2024-02-21T11:38:00.000Z,zone-a,pressure,1008
2024-02-21T13:04:00.000Z,zone-b,light,779.1
2024-02-21T14:07:00.000Z,zone-b,humidity,71.3
2024-02-21T15:26:00.000Z,zone-c,temperature,30.8
2024-02-21T15:34:00.000Z,zone-d,temperature,32.9
2024-02-21T17:37:00.000Z,zone-c,light,126.4
2024-02-21T20:24:00.000Z,zone-d,light,317.8
2024-02-22T02:17:00.000Z,zone-a,light,407.9
2024-02-22T04:04:00.000Z,zone-c,light,707.6
2024-02-22T04:46:00.000Z,zone-b,pressure,1012.4
2024-02-22T05:23:00.000Z,zone-a,humidity,36.4
2024-02-22T09:33:00.000Z,zone-a,pressure,1017.2
2024-02-22T10:04:00.000Z,zone-d,humidity,50.4
2024-02-22T10:48:00.000Z,zone-d,temperature,27.4
2024-02-22T12:06:00.000Z,zone-b,humidity,57.9
2024-02-22T13:11:00.000Z,zone-b,temperature,32.2
2024-02-22T13:54:00.000Z,zone-b,light,138.1
2024-02-22T14:02:00.000Z,zone-c,pressure,1016.3
2024-02-22T14:13:00.000Z,zone-c,temperature,19.2
2024-02-22T14:51:00.000Z,zone-c,humidity,62.8
2024-02-22T15:42:00.000Z,zone-a,temperature,23.9
2024-02-22T18:14:00.000Z,zone-d,pressure,1006.8
2024-02-22T21:18:00.000Z,zone-c,temperature,20.9
2024-02-22T21:39:00.000Z,zone-b,light,536.2
2024-02-23T01:08:00.000Z,zone-b,pressure,995.5
2024-02-23T01:16:00.000Z,zone-b,humidity,77.4
2024-02-23T02:26:00.000Z,zone-a,temperature,23.4
2024-02-23T03:18:00.000Z,zone-d,light,578.5
2024-02-23T04:20:00.000Z,zone-a,light,552.5
2024-02-23T04:50:00.000Z,zone-d,temperature,34.7
2024-02-23T05:44:00.000Z,zone-a,pressure,1006.6
2024-02-23T08:54:00.000Z,zone-a,humidity,33.9
2024-02-23T10:30:00.000Z,zone-b,temperature,31.8
2024-02-23T11:26:00.000Z,zone-c,pressure,1008.2
2024-02-23T13:55:00.000Z,zone-c,humidity,59.9
2024-02-23T14:10:00.000Z,zone-d,humidity,63.7
2024-02-23T14:49:00.000Z,zone-c,light,685.2
2024-02-23T15:27:00.000Z,zone-d,pressure,1000.9
2024-02-23T18:36:00.000Z,zone-b,light,349
2024-02-23T21:13:00.000Z,zone-d,light,445.7
2024-02-23T22:00:00.000Z,zone-c,light,804.2
2024-02-23T22:03:00.000Z,zone-c,humidity,46.1
2024-02-23T22:22:00.000Z,zone-c,temperature,34.6
2024-02-24T00:18:00.000Z,zone-d,humidity,38.3
2024-02-24T01:29:00.000Z,zone-a,temperature,27.3
2024-02-24T03:23:00.000Z,zone-a,pressure,1011.1
2024-02-24T07:57:00.000Z,zone-d,temperature,17.7
2024-02-24T08:23:00.000Z,zone-b,pressure,991.1
2024-02-24T12:05:00.000Z,zone-a,humidity,62.8
2024-02-24T13:23:00.000Z,zone-b,humidity,66.1
2024-02-24T15:07:00.000Z,zone-d,pressure,1009.4
2024-02-24T15:19:00.000Z,zone-a,light,400.7
2024-02-24T15:58:00.000Z,zone-c,pressure,1004.8
2024-02-24T17:47:00.000Z,zone-b,temperature,29.9
2024-02-24T18:42:00.000Z,zone-a,humidity,51.5
2024-02-24T18:51:00.000Z,zone-d,light,880.5
2024-02-24T20:51:00.000Z,zone-a,pressure,999.2
2024-02-25T01:52:00.000Z,zone-a,temperature,16.5
2024-02-25T03:53:00.000Z,zone-a,light,188
2024-02-25T04:01:00.000Z,zone-c,pressure,1008.7
2024-02-25T04:44:00.000Z,zone-b,temperature,17.1
2024-02-25T05:59:00.000Z,zone-d,temperature,30
2024-02-25T06:42:00.000Z,zone-b,pressure,1011.8
2024-02-25T07:38:00.000Z,zone-b,light,648
2024-02-25T07:55:00.000Z,zone-d,humidity,76
2024-02-25T09:27:00.000Z,zone-c,humidity,51.3
2024-02-25T10:24:00.000Z,zone-c,light,282
2024-02-25T12:18:00.000Z,zone-c,temperature,21.9
2024-02-25T15:54:00.000Z,zone-b,humidity,38.1
2024-02-25T17:51:00.000Z,zone-d,pressure,1019.5
2024-02-26T00:43:00.000Z,zone-b,light,683.5
2024-02-26T02:15:00.000Z,zone-a,temperature,30.9
2024-02-26T02:24:00.000Z,zone-b,temperature,25.7
2024-02-26T03:30:00.000Z,zone-c,pressure,1015.2
2024-02-26T05:56:00.000Z,zone-c,temperature,19
2024-02-26T07:17:00.000Z,zone-c,light,473.5
2024-02-26T07:51:00.000Z,zone-d,light,464.7
2024-02-26T07:55:00.000Z,zone-d,humidity,48.2
2024-02-26T08:26:00.000Z,zone-a,pressure,1015.5
2024-02-26T09:18:00.000Z,zone-a,humidity,46.5
2024-02-26T09:28:00.000Z,zone-a,light,878.4
2024-02-26T10:24:00.000Z,zone-c,humidity,54.5
2024-02-26T11:46:00.000Z,zone-b,pressure,1001.2
2024-02-26T12:36:00.000Z,zone-d,temperature,26.4
2024-02-26T14:35:00.000Z,zone-d,pressure,1005.1
2024-02-26T18:07:00.000Z,zone-b,humidity,38.8
2024-02-26T19:21:00.000Z,zone-a,temperature,25.8
2024-02-26T19:24:00.000Z,zone-a,humidity,76.3
2024-02-26T20:09:00.000Z,zone-d,humidity,49.3
2024-02-26T20:29:00.000Z,zone-b,humidity,68.4
2024-02-26T21:19:00.000Z,zone-b,pressure,1015.1
2024-02-26T21:22:00.000Z,zone-c,light,628
2024-02-27T04:04:00.000Z,zone-b,light,293.5
2024-02-27T07:06:00.000Z,zone-c,pressure,1002.4
2024-02-27T07:33:00.000Z,zone-d,pressure,1001.7
2024-02-27T09:36:00.000Z,zone-c,temperature,30.7
2024-02-27T10:46:00.000Z,zone-d,light,561.6
2024-02-27T10:52:00.000Z,zone-a,light,346.5
2024-02-27T11:36:00.000Z,zone-a,pressure,1017.5
2024-02-27T12:04:00.000Z,zone-b,temperature,18
2024-02-27T14:00:00.000Z,zone-d,temperature,19.9
2024-02-27T17:49:00.000Z,zone-c,humidity,40
2024-02-27T18:41:00.000Z,zone-d,humidity,42.1
2024-02-27T19:07:00.000Z,zone-b,light,565.5
2024-02-27T23:01:00.000Z,zone-d,temperature,26.4
2024-02-27T23:19:00.000Z,zone-a,humidity,62.1
2024-02-28T00:00:00.000Z,zone-a,pressure,997.2
2024-02-28T00:13:00.000Z,zone-b,humidity,68.7
2024-02-28T02:13:00.000Z,zone-d,light,167.8
2024-02-28T02:45:00.000Z,zone-c,pressure,1014.8
2024-02-28T03:12:00.000Z,zone-b,temperature,27
2024-02-28T05:14:00.000Z,zone-c,humidity,36.7
2024-02-28T05:50:00.000Z,zone-d,pressure,1014.8
2024-02-28T07:51:00.000Z,zone-c,light,638.6
2024-02-28T11:24:00.000Z,zone-c,temperature,26.5
2024-02-28T11:26:00.000Z,zone-a,temperature,20.3
2024-02-28T11:46:00.000Z,zone-a,light,195.8
2024-02-28T15:02:00.000Z,zone-b,pressure,1007.8
2024-02-28T18:38:00.000Z,zone-a,humidity,43.2
2024-02-28T22:28:00.000Z,zone-b,temperature,34.3
2024-02-29T00:19:00.000Z,zone-b,pressure,993.6
2024-02-29T03:33:00.000Z,zone-b,humidity,75.1
2024-02-29T05:11:00.000Z,zone-d,temperature,27.1
2024-02-29T05:32:00.000Z,zone-d,humidity,59.4
2024-02-29T05:38:00.000Z,zone-d,light,620
2024-02-29T06:35:00.000Z,zone-c,temperature,21
2024-02-29T08:02:00.000Z,zone-c,humidity,67.4
2024-02-29T10:47:00.000Z,zone-b,light,482.4
2024-02-29T12:58:00.000Z,zone-a,temperature,31.8
2024-02-29T14:06:00.000Z,zone-c,pressure,995.8
2024-02-29T14:57:00.000Z,zone-a,pressure,1017.3
2024-02-29T15:55:00.000Z,zone-c,light,104.6
2024-02-29T15:59:00.000Z,zone-d,pressure,1016.5
2024-02-29T17:56:00.000Z,zone-a,light,880.6
2024-02-29T18:32:00.000Z,zone-a,humidity,40.1
2024-02-29T19:39:00.000Z,zone-b,temperature,32.1
2024-02-29T20:21:00.000Z,zone-b,pressure,1012.3
2024-02-29T22:22:00.000Z,zone-c,pressure,1016.6
2024-02-29T23:27:00.000Z,zone-a,pressure,1011.9
2024-02-29T23:37:00.000Z,zone-d,humidity,76.4
2024-03-01T03:18:00.000Z,zone-b,humidity,60.6
2024-03-01T03:46:00.000Z,zone-d,light,241.5
2024-03-01T08:23:00.000Z,zone-c,light,468.8
2024-03-01T08:23:00.000Z,zone-d,pressure,1011.2
2024-03-01T08:37:00.000Z,zone-c,humidity,60.6
2024-03-01T10:21:00.000Z,zone-a,temperature,17.6
2024-03-01T10:53:00.000Z,zone-b,light,451.1
2024-03-01T12:55:00.000Z,zone-d,temperature,15.4
2024-03-01T14:54:00.000Z,zone-c,temperature,24.2
2024-03-01T17:31:00.000Z,zone-a,light,716.8
2024-03-01T20:02:00.000Z,zone-c,light,863.9
2024-03-01T22:54:00.000Z,zone-b,pressure,1004.6
2024-03-02T00:25:00.000Z,zone-a,light,120.6
2024-03-02T00:32:00.000Z,zone-b,temperature,30.7
2024-03-02T00:38:00.000Z,zone-b,humidity,54
2024-03-02T00:43:00.000Z,zone-c,humidity,75.6
2024-03-02T01:06:00.000Z,zone-c,pressure,995.5
2024-03-02T08:05:00.000Z,zone-d,temperature,19.6
2024-03-02T08:07:00.000Z,zone-d,light,337.7
2024-03-02T10:11:00.000Z,zone-d,humidity,47.8
2024-03-02T10:38:00.000Z,zone-a,humidity,50
2024-03-02T14:38:00.000Z,zone-a,pressure,993.3
2024-03-02T15:54:00.000Z,zone-a,temperature,23.3
2024-03-02T15:59:00.000Z,zone-c,temperature,29.3
2024-03-02T16:29:00.000Z,zone-d,pressure,993.7
2024-03-02T16:47:00.000Z,zone-b,light,576.7
2024-03-02T18:41:00.000Z,zone-d,pressure,995.7
2024-03-02T18:42:00.000Z,zone-c,pressure,1012.5
2024-03-02T22:43:00.000Z,zone-c,temperature,15.7
2024-03-02T23:43:00.000Z,zone-a,light,567.3
2024-03-03T00:46:00.000Z,zone-a,humidity,33.5
2024-03-03T01:33:00.000Z,zone-b,pressure,1003.5
2024-03-03T02:26:00.000Z,zone-c,light,730.1
2024-03-03T05:16:00.000Z,zone-a,temperature,28.6
2024-03-03T07:16:00.000Z,zone-d,humidity,37.4
2024-03-03T08:43:00.000Z,zone-d,light,617.7
2024-03-03T09:38:00.000Z,zone-b,light,687.4
2024-03-03T12:37:00.000Z,zone-c,humidity,45.7
2024-03-03T13:37:00.000Z,zone-b,temperature,17.2
2024-03-03T13:55:00.000Z,zone-b,humidity,66
2024-03-03T14:00:00.000Z,zone-d,temperature,25.7
2024-03-03T16:23:00.000Z,zone-a,pressure,1005.5
2024-03-03T18:51:00.000Z,zone-a,temperature,26.5
2024-03-03T19:17:00.000Z,zone-c,temperature,20.8
2024-03-03T23:38:00.000Z,zone-b,humidity,63
2024-03-03T23:43:00.000Z,zone-a,light,222.6
2024-03-04T00:08:00.000Z,zone-d,light,400.1
2024-03-04T02:42:00.000Z,zone-c,light,667
2024-03-04T04:00:00.000Z,zone-a,pressure,1000.7
2024-03-04T04:29:00.000Z,zone-b,light,247.1
2024-03-04T05:17:00.000Z,zone-d,humidity,32.4
2024-03-04T05:28:00.000Z,zone-d,pressure,1016.9
2024-03-04T05:45:00.000Z,zone-c,pressure,1007.6
2024-03-04T08:17:00.000Z,zone-b,temperature,31.5
2024-03-04T12:15:00.000Z,zone-d,temperature,18.7
2024-03-04T14:46:00.000Z,zone-b,pressure,1018.2
2024-03-04T16:27:00.000Z,zone-a,humidity,32
2024-03-04T17:05:00.000Z,zone-c,humidity,70.9
2024-03-04T19:02:00.000Z,zone-a,light,719.9
2024-03-04T20:08:00.000Z,zone-c,humidity,50.7
2024-03-05T01:53:00.000Z,zone-a,humidity,39.4
2024-03-05T02:42:00.000Z,zone-c,pressure,1014
2024-03-05T04:33:00.000Z,zone-d,pressure,1003.2
2024-03-05T05:34:00.000Z,zone-b,temperature,25.1
2024-03-05T05:46:00.000Z,zone-d,temperature,30.4
2024-03-05T06:33:00.000Z,zone-d,light,782.3
2024-03-05T09:59:00.000Z,zone-b,pressure,997.3
2024-03-05T11:16:00.000Z,zone-d,humidity,75.5
2024-03-05T14:07:00.000Z,zone-b,light,787.1
2024-03-05T14:17:00.000Z,zone-c,light,439.7
2024-03-05T14:41:00.000Z,zone-c,temperature,15.2
2024-03-05T16:01:00.000Z,zone-b,humidity,40.8
2024-03-05T17:08:00.000Z,zone-a,pressure,993.4
2024-03-05T17:09:00.000Z,zone-a,temperature,23.9
2024-03-05T19:39:00.000Z,zone-c,temperature,22.6
2024-03-05T19:40:00.000Z,zone-d,pressure,990
2024-03-05T22:07:00.000Z,zone-c,humidity,51
2024-03-05T23:36:00.000Z,zone-a,pressure,1008
2024-03-06T00:13:00.000Z,zone-d,humidity,51.1
2024-03-06T01:52:00.000Z,zone-b,pressure,1000.2
2024-03-06T02:36:00.000Z,zone-c,light,858.1
2024-03-06T02:58:00.000Z,zone-b,humidity,65.7
2024-03-06T03:15:00.000Z,zone-a,temperature,26.9
2024-03-06T04:56:00.000Z,zone-a,light,441.7
2024-03-06T08:34:00.000Z,zone-b,light,158
2024-03-06T08:50:00.000Z,zone-b,temperature,25.8
2024-03-06T08:50:00.000Z,zone-d,light,585
2024-03-06T10:52:00.000Z,zone-a,humidity,42.3
2024-03-06T15:17:00.000Z,zone-c,pressure,1018.5
2024-03-06T16:18:00.000Z,zone-d,temperature,22.7
2024-03-06T19:24:00.000Z,zone-b,humidity,78.7
2024-03-06T21:31:00.000Z,zone-d,pressure,999.5
2024-03-06T22:46:00.000Z,zone-c,pressure,1019.6
2024-03-06T23:26:00.000Z,zone-a,pressure,1011.1
2024-03-07T00:06:00.000Z,zone-d,light,463.9
2024-03-07T01:18:00.000Z,zone-b,light,720.7
2024-03-07T01:27:00.000Z,zone-a,humidity,62.2
2024-03-07T02:17:00.000Z,zone-c,humidity,60.5
2024-03-07T04:04:00.000Z,zone-b,temperature,19.2
2024-03-07T06:46:00.000Z,zone-c,temperature,28.1
2024-03-07T07:05:00.000Z,zone-d,humidity,79.1
2024-03-07T08:32:00.000Z,zone-a,temperature,28.2
2024-03-07T11:44:00.000Z,zone-c,light,794.5
2024-03-07T12:53:00.000Z,zone-d,temperature,30.3
2024-03-07T14:51:00.000Z,zone-b,pressure,990.2
2024-03-07T16:27:00.000Z,zone-a,light,825.4
2024-03-07T18:39:00.000Z,zone-d,pressure,992.6
2024-03-07T21:20:00.000Z,zone-b,temperature,17.5
2024-03-07T21:22:00.000Z,zone-a,light,469.7
2024-03-07T22:20:00.000Z,zone-a,temperature,17.1
2024-03-07T23:49:00.000Z,zone-c,pressure,998.8
2024-03-08T01:27:00.000Z,zone-b,pressure,1003.5
2024-03-08T01:36:00.000Z,zone-c,light,707.5
2024-03-08T02:21:00.000Z,zone-d,humidity,79.6
2024-03-08T04:27:00.000Z,zone-d,light,720.3
2024-03-08T04:39:00.000Z,zone-b,humidity,50.4
2024-03-08T07:17:00.000Z,zone-a,pressure,995.3
2024-03-08T09:09:00.000Z,zone-c,humidity,57.4
2024-03-08T12:28:00.000Z,zone-c,temperature,30.4
2024-03-08T15:26:00.000Z,zone-a,humidity,37.4
2024-03-08T17:40:00.000Z,zone-b,light,156.3
2024-03-08T18:02:00.000Z,zone-d,temperature,18.3
2024-03-08T20:34:00.000Z,zone-c,humidity,70.5
2024-03-08T23:53:00.000Z,zone-b,light,291.2
2024-03-09T00:37:00.000Z,zone-b,pressure,1000.4
2024-03-09T00:41:00.000Z,zone-b,temperature,16.3
2024-03-09T00:42:00.000Z,zone-d,humidity,59.2
2024-03-09T01:54:00.000Z,zone-a,pressure,1009.6
2024-03-09T02:38:00.000Z,zone-a,temperature,26.3
2024-03-09T05:13:00.000Z,zone-d,temperature,31.5
2024-03-09T05:51:00.000Z,zone-d,light,778.9
2024-03-09T05:59:00.000Z,zone-a,light,581.8
2024-03-09T07:12:00.000Z,zone-a,humidity,61.7
2024-03-09T09:39:00.000Z,zone-c,pressure,990.3
2024-03-09T10:17:00.000Z,zone-b,humidity,37
2024-03-09T11:09:00.000Z,zone-d,pressure,1000.9
2024-03-09T14:39:00.000Z,zone-c,temperature,17.8
2024-03-09T15:35:00.000Z,zone-c,light,113.8
2024-03-09T18:41:00.000Z,zone-c,humidity,49.1
2024-03-09T19:16:00.000Z,zone-a,temperature,31
2024-03-09T20:01:00.000Z,zone-c,pressure,1000.9
2024-03-09T20:14:00.000Z,zone-a,light,187.8
2024-03-09T23:39:00.000Z,zone-d,temperature,28.1
2024-03-09T23:52:00.000Z,zone-a,pressure,1005
2024-03-09T23:54:00.000Z,zone-b,pressure,1010.3
2024-03-10T00:27:00.000Z,zone-d,humidity,40.8
2024-03-10T01:38:00.000Z,zone-c,temperature,33.2
2024-03-10T08:42:00.000Z,zone-d,light,198.3
2024-03-10T09:27:00.000Z,zone-b,light,551.5
2024-03-10T13:04:00.000Z,zone-d,pressure,997.7
2024-03-10T14:39:00.000Z,zone-c,light,573.9
2024-03-10T14:46:00.000Z,zone-b,temperature,19.8
2024-03-10T17:26:00.000Z,zone-b,humidity,33.1
2024-03-10T17:45:00.000Z,zone-a,humidity,73
2024-03-10T22:43:00.000Z,zone-b,humidity,78
2024-03-10T22:50:00.000Z,zone-c,temperature,33.5
2024-03-10T23:41:00.000Z,zone-d,pressure,1012.8
2024-03-11T00:33:00.000Z,zone-c,light,577.6
2024-03-11T01:55:00.000Z,zone-a,light,176.1
2024-03-11T04:37:00.000Z,zone-d,humidity,70.9
2024-03-11T04:38:00.000Z,zone-b,pressure,997.7
2024-03-11T09:08:00.000Z,zone-d,light,369.6
2024-03-11T10:08:00.000Z,zone-d,temperature,30.5
2024-03-11T10:49:00.000Z,zone-b,light,438.1
2024-03-11T11:17:00.000Z,zone-a,pressure,1018.8
2024-03-11T11:35:00.000Z,zone-a,temperature,26.4
2024-03-11T13:47:00.000Z,zone-c,humidity,46.7
2024-03-11T14:04:00.000Z,zone-b,temperature,30.8
2024-03-11T16:44:00.000Z,zone-c,pressure,990.1
2024-03-11T17:29:00.000Z,zone-a,humidity,79.2
2024-03-11T18:46:00.000Z,zone-a,humidity,47.1
2024-03-11T22:27:00.000Z,zone-c,humidity,58.1
2024-03-11T23:55:00.000Z,zone-c,pressure,1013
2024-03-12T00:16:00.000Z,zone-c,temperature,21
2024-03-12T01:32:00.000Z,zone-d,humidity,69.1
2024-03-12T07:30:00.000Z,zone-c,light,323.8
2024-03-12T10:25:00.000Z,zone-d,temperature,19.3
2024-03-12T10:51:00.000Z,zone-b,temperature,31
2024-03-12T11:26:00.000Z,zone-b,humidity,52.8
2024-03-12T12:22:00.000Z,zone-b,pressure,990.9
2024-03-12T13:30:00.000Z,zone-a,light,179.8
2024-03-12T14:40:00.000Z,zone-b,light,679.6
2024-03-12T15:16:00.000Z,zone-d,light,366.8
2024-03-12T15:28:00.000Z,zone-a,temperature,19.5
2024-03-12T16:20:00.000Z,zone-d,pressure,1012.4
2024-03-12T17:24:00.000Z,zone-a,pressure,996.9
2024-03-12T18:50:00.000Z,zone-d,humidity,34
2024-03-12T19:12:00.000Z,zone-a,temperature,19
2024-03-12T20:20:00.000Z,zone-d,light,524.8
2024-03-13T00:39:00.000Z,zone-c,temperature,21.4
2024-03-13T00:49:00.000Z,zone-a,pressure,1010.2
2024-03-13T01:31:00.000Z,zone-c,humidity,54.4
2024-03-13T02:44:00.000Z,zone-c,pressure,1006.3
2024-03-13T03:11:00.000Z,zone-a,light,579.6
2024-03-13T03:11:00.000Z,zone-b,light,824
2024-03-13T03:28:00.000Z,zone-d,temperature,20.9
2024-03-13T06:47:00.000Z,zone-d,pressure,995.7
2024-03-13T09:56:00.000Z,zone-b,pressure,991.5
2024-03-13T14:48:00.000Z,zone-b,temperature,28.8
2024-03-13T15:49:00.000Z,zone-c,light,811.3
2024-03-13T17:44:00.000Z,zone-b,humidity,59
2024-03-13T18:20:00.000Z,zone-a,humidity,40.7
2024-03-13T19:35:00.000Z,zone-d,humidity,60.9
2024-03-13T20:16:00.000Z,zone-d,temperature,18.6
2024-03-13T20:26:00.000Z,zone-c,temperature,29.9
2024-03-13T21:13:00.000Z,zone-c,pressure,1003.9
2024-03-13T23:20:00.000Z,zone-a,temperature,33.4
2024-03-14T00:17:00.000Z,zone-a,humidity,78.9
2024-03-14T07:17:00.000Z,zone-b,temperature,21.1
2024-03-14T10:09:00.000Z,zone-a,pressure,993.3
2024-03-14T11:02:00.000Z,zone-b,pressure,1016.5
2024-03-14T13:18:00.000Z,zone-c,light,537.9
2024-03-14T14:53:00.000Z,zone-a,light,213.9
2024-03-14T16:09:00.000Z,zone-c,humidity,35
2024-03-14T16:10:00.000Z,zone-d,light,372.4
2024-03-14T16:19:00.000Z,zone-b,humidity,34.3
2024-03-14T16:44:00.000Z,zone-b,light,781.9
2024-03-14T18:08:00.000Z,zone-d,pressure,1016.9
2024-03-14T18:34:00.000Z,zone-c,light,522.2
2024-03-14T19:28:00.000Z,zone-b,humidity,62.6
2024-03-14T20:27:00.000Z,zone-b,temperature,27.2
2024-03-14T20:36:00.000Z,zone-c,temperature,22.9
2024-03-14T22:16:00.000Z,zone-d,temperature,16.8
2024-03-14T22:19:00.000Z,zone-b,pressure,1009.2
2024-03-15T01:55:00.000Z,zone-a,temperature,34.9
2024-03-15T03:24:00.000Z,zone-d,light,778.3
2024-03-15T03:58:00.000Z,zone-d,pressure,1015.5
2024-03-15T04:01:00.000Z,zone-a,light,255.7
2024-03-15T05:16:00.000Z,zone-c,pressure,1010.3
2024-03-15T06:30:00.000Z,zone-d,humidity,76.4
2024-03-15T11:48:00.000Z,zone-a,pressure,1012.4
2024-03-15T13:32:00.000Z,zone-b,light,500.1
2024-03-15T15:48:00.000Z,zone-c,humidity,52.8
2024-03-15T18:23:00.000Z,zone-a,humidity,58.2
2024-03-15T20:05:00.000Z,zone-d,temperature,30.2
2024-03-15T21:39:00.000Z,zone-c,humidity,57.9
2024-03-16T00:50:00.000Z,zone-b,light,299.7
2024-03-16T01:29:00.000Z,zone-b,humidity,59.3
2024-03-16T01:29:00.000Z,zone-d,pressure,996.8
2024-03-16T04:28:00.000Z,zone-d,humidity,77.5
2024-03-16T08:07:00.000Z,zone-a,temperature,26.6
2024-03-16T11:35:00.000Z,zone-a,pressure,1010.8
2024-03-16T12:22:00.000Z,zone-c,pressure,1002.8
2024-03-16T12:47:00.000Z,zone-a,light,155.9
2024-03-16T13:16:00.000Z,zone-b,temperature,19.5
2024-03-16T13:37:00.000Z,zone-c,temperature,32.1
2024-03-16T15:59:00.000Z,zone-c,light,768.3
2024-03-16T16:52:00.000Z,zone-a,humidity,71
2024-03-16T17:50:00.000Z,zone-b,pressure,999.2
2024-03-16T18:01:00.000Z,zone-d,light,628.3
2024-03-16T19:36:00.000Z,zone-d,pressure,999.7
2024-03-17T01:24:00.000Z,zone-a,light,541.3
2024-03-17T01:42:00.000Z,zone-a,humidity,48.2
2024-03-17T02:08:00.000Z,zone-d,temperature,22.7
2024-03-17T02:46:00.000Z,zone-b,temperature,16.3
2024-03-17T02:58:00.000Z,zone-c,light,129.4
2024-03-17T02:58:00.000Z,zone-d,humidity,59.2
2024-03-17T04:22:00.000Z,zone-c,pressure,1014.4
2024-03-17T09:28:00.000Z,zone-c,humidity,62.3
2024-03-17T10:18:00.000Z,zone-a,temperature,15
2024-03-17T11:56:00.000Z,zone-d,light,396.2
2024-03-17T12:04:00.000Z,zone-b,humidity,46.6
2024-03-17T12:40:00.000Z,zone-b,pressure,1003.4
2024-03-17T13:16:00.000Z,zone-b,light,436.9
2024-03-17T16:51:00.000Z,zone-c,temperature,30.4
2024-03-17T17:50:00.000Z,zone-a,pressure,992.6
2024-03-17T19:09:00.000Z,zone-d,humidity,34.6
2024-03-17T19:30:00.000Z,zone-d,pressure,1018.5
2024-03-17T19:46:00.000Z,zone-b,temperature,29.8
2024-03-17T21:10:00.000Z,zone-b,humidity,66.4
2024-03-17T22:36:00.000Z,zone-b,pressure,1017.6
2024-03-17T22:47:00.000Z,zone-b,light,659.8
2024-03-18T01:13:00.000Z,zone-c,pressure,1002.4
2024-03-18T01:28:00.000Z,zone-d,temperature,34.1
2024-03-18T02:23:00.000Z,zone-d,light,647.8
2024-03-18T02:29:00.000Z,zone-c,temperature,25.8
2024-03-18T06:37:00.000Z,zone-a,humidity,76.5
2024-03-18T08:15:00.000Z,zone-c,light,899
2024-03-18T09:29:00.000Z,zone-a,pressure,1014.5
2024-03-18T10:17:00.000Z,zone-a,temperature,29.1
2024-03-18T11:39:00.000Z,zone-a,light,777
2024-03-18T14:47:00.000Z,zone-c,humidity,37.7
2024-03-18T18:42:00.000Z,zone-a,pressure,1015.8
2024-03-18T19:03:00.000Z,zone-b,light,232.3
2024-03-18T19:17:00.000Z,zone-c,humidity,77.3
2024-03-18T20:17:00.000Z,zone-d,pressure,1015.2
2024-03-18T20:18:00.000Z,zone-c,temperature,32.1
2024-03-18T20:30:00.000Z,zone-a,humidity,74
2024-03-18T20:34:00.000Z,zone-c,light,517.1
2024-03-18T23:52:00.000Z,zone-a,light,770.5
2024-03-19T01:15:00.000Z,zone-c,pressure,1013
2024-03-19T12:08:00.000Z,zone-b,temperature,24.5
2024-03-19T12:45:00.000Z,zone-b,humidity,62.4
2024-03-19T12:52:00.000Z,zone-b,pressure,996.2
2024-03-19T14:28:00.000Z,zone-a,temperature,27.1
2024-03-19T15:16:00.000Z,zone-d,temperature,29
2024-03-19T15:50:00.000Z,zone-d,humidity,78.5
2024-03-19T18:18:00.000Z,zone-d,light,442.5
2024-03-19T19:19:00.000Z,zone-d,light,142.7
2024-03-19T19:33:00.000Z,zone-b,pressure,1018.8
2024-03-19T20:44:00.000Z,zone-d,pressure,994.6
2024-03-19T21:12:00.000Z,zone-d,humidity,45.8
2024-03-19T23:19:00.000Z,zone-c,temperature,16.9
2024-03-20T00:44:00.000Z,zone-a,humidity,31.2
2024-03-20T01:45:00.000Z,zone-c,light,388
2024-03-20T02:05:00.000Z,zone-d,temperature,23.1
2024-03-20T04:55:00.000Z,zone-a,light,464.7
2024-03-20T05:04:00.000Z,zone-a,temperature,15.8
2024-03-20T06:13:00.000Z,zone-b,humidity,63.7
2024-03-20T12:00:00.000Z,zone-a,pressure,1004.7
2024-03-20T13:16:00.000Z,zone-c,humidity,79.1
2024-03-20T14:32:00.000Z,zone-b,light,822.5
2024-03-20T16:17:00.000Z,zone-c,pressure,998.2
2024-03-20T18:14:00.000Z,zone-b,temperature,32.8
2024-03-20T18:38:00.000Z,zone-b,temperature,15.9
2024-03-20T19:00:00.000Z,zone-d,humidity,76.5
2024-03-20T19:29:00.000Z,zone-d,temperature,23.6
2024-03-20T23:04:00.000Z,zone-c,pressure,996
2024-03-21T00:30:00.000Z,zone-c,light,137.2
2024-03-21T00:39:00.000Z,zone-c,temperature,26.2
2024-03-21T03:30:00.000Z,zone-a,temperature,25
2024-03-21T05:12:00.000Z,zone-b,humidity,30.3
2024-03-21T06:47:00.000Z,zone-a,humidity,37.5
2024-03-21T11:16:00.000Z,zone-b,pressure,1006.9
2024-03-21T12:11:00.000Z,zone-b,light,361.5
2024-03-21T12:35:00.000Z,zone-d,light,636.8
2024-03-21T12:52:00.000Z,zone-a,light,858.1
2024-03-21T14:08:00.000Z,zone-a,pressure,1013.1
2024-03-21T14:17:00.000Z,zone-c,humidity,73.4
2024-03-21T14:27:00.000Z,zone-d,pressure,1007.1
2024-03-21T20:30:00.000Z,zone-a,temperature,31.5
2024-03-21T23:46:00.000Z,zone-c,temperature,21.1
2024-03-22T00:05:00.000Z,zone-d,light,126.4
2024-03-22T00:37:00.000Z,zone-a,pressure,1000.9
2024-03-22T01:02:00.000Z,zone-c,humidity,65
2024-03-22T02:25:00.000Z,zone-b,pressure,1004.3
2024-03-22T04:17:00.000Z,zone-c,pressure,1004.9
2024-03-22T05:02:00.000Z,zone-d,temperature,17
2024-03-22T05:33:00.000Z,zone-b,temperature,33
2024-03-22T07:31:00.000Z,zone-d,humidity,53.2
2024-03-22T07:53:00.000Z,zone-c,light,171.4
2024-03-22T11:59:00.000Z,zone-a,humidity,79.1
2024-03-22T13:18:00.000Z,zone-a,light,471.9
2024-03-22T14:12:00.000Z,zone-b,humidity,44.5
2024-03-22T16:44:00.000Z,zone-d,pressure,1011.7
2024-03-22T17:09:00.000Z,zone-b,light,494.5
2024-03-22T18:32:00.000Z,zone-c,humidity,66.9
2024-03-22T18:40:00.000Z,zone-d,pressure,1013
2024-03-22T20:43:00.000Z,zone-c,temperature,23.9
2024-03-23T00:09:00.000Z,zone-a,temperature,19.9
2024-03-23T00:36:00.000Z,zone-b,pressure,1013.6
2024-03-23T01:56:00.000Z,zone-a,humidity,65.7
2024-03-23T04:03:00.000Z,zone-b,light,769.8
2024-03-23T05:58:00.000Z,zone-a,light,176.1
2024-03-23T07:13:00.000Z,zone-d,light,495.7
2024-03-23T07:42:00.000Z,zone-c,light,113.3
2024-03-23T08:56:00.000Z,zone-b,temperature,22
2024-03-23T09:07:00.000Z,zone-d,humidity,35.3
2024-03-23T10:12:00.000Z,zone-c,pressure,1011.4
2024-03-23T10:20:00.000Z,zone-a,pressure,990.3
2024-03-23T16:38:00.000Z,zone-b,humidity,70
2024-03-23T18:26:00.000Z,zone-d,temperature,29.1
2024-03-23T18:42:00.000Z,zone-b,humidity,53.4
2024-03-23T19:31:00.000Z,zone-c,light,815.1
2024-03-23T19:41:00.000Z,zone-c,temperature,22.7
2024-03-23T20:54:00.000Z,zone-c,pressure,1018.6
2024-03-23T23:17:00.000Z,zone-d,humidity,78.1
2024-03-23T23:50:00.000Z,zone-a,humidity,77.8
2024-03-24T01:21:00.000Z,zone-d,light,753.6
2024-03-24T04:22:00.000Z,zone-d,temperature,15.8
2024-03-24T06:30:00.000Z,zone-a,temperature,17
2024-03-24T08:54:00.000Z,zone-d,pressure,992.3
2024-03-24T14:16:00.000Z,zone-a,light,856.2
2024-03-24T15:35:00.000Z,zone-a,pressure,1009.7
2024-03-24T16:20:00.000Z,zone-c,humidity,63.3
2024-03-24T16:54:00.000Z,zone-b,temperature,22.4
2024-03-24T18:11:00.000Z,zone-b,pressure,993
2024-03-24T18:29:00.000Z,zone-b,light,274.5
2024-03-24T21:30:00.000Z,zone-a,temperature,24.7
2024-03-25T01:01:00.000Z,zone-b,light,100.3
2024-03-25T04:20:00.000Z,zone-c,humidity,67.7
2024-03-25T04:35:00.000Z,zone-d,humidity,55.7
2024-03-25T05:02:00.000Z,zone-d,light,579.5
2024-03-25T08:07:00.000Z,zone-b,temperature,30.7
2024-03-25T08:40:00.000Z,zone-c,temperature,29.2
2024-03-25T08:44:00.000Z,zone-c,light,590.4
2024-03-25T09:16:00.000Z,zone-d,pressure,1001.3
2024-03-25T10:55:00.000Z,zone-d,temperature,28.8
2024-03-25T12:32:00.000Z,zone-b,pressure,1003.9
2024-03-25T15:37:00.000Z,zone-a,light,837.5
2024-03-25T15:56:00.000Z,zone-a,pressure,1003.7
2024-03-25T16:02:00.000Z,zone-b,humidity,56
2024-03-25T16:37:00.000Z,zone-c,pressure,991
2024-03-25T16:42:00.000Z,zone-a,humidity,76.7
2024-03-25T21:17:00.000Z,zone-a,light,744.9
2024-03-25T21:45:00.000Z,zone-d,light,806.1
2024-03-25T23:12:00.000Z,zone-c,light,428.1
2024-03-26T00:38:00.000Z,zone-c,humidity,71.6
2024-03-26T00:57:00.000Z,zone-c,pressure,1011.1
2024-03-26T03:14:00.000Z,zone-a,pressure,993
2024-03-26T10:31:00.000Z,zone-b,humidity,57.6
2024-03-26T10:34:00.000Z,zone-c,temperature,22.9
2024-03-26T11:42:00.000Z,zone-a,humidity,33.8
2024-03-26T11:45:00.000Z,zone-a,temperature,34.8
2024-03-26T12:24:00.000Z,zone-b,light,690.3
2024-03-26T14:20:00.000Z,zone-b,temperature,15.5
2024-03-26T14:29:00.000Z,zone-b,pressure,1001.3
2024-03-26T16:34:00.000Z,zone-d,pressure,993.9
2024-03-26T16:37:00.000Z,zone-d,temperature,20
2024-03-26T17:15:00.000Z,zone-d,humidity,32.3
2024-03-26T18:51:00.000Z,zone-d,pressure,1017.5
2024-03-26T19:50:00.000Z,zone-b,humidity,50.5
2024-03-27T02:30:00.000Z,zone-b,light,150.7
2024-03-27T02:54:00.000Z,zone-d,light,861
2024-03-27T04:39:00.000Z,zone-a,temperature,34
2024-03-27T05:39:00.000Z,zone-a,pressure,1018.7
2024-03-27T07:16:00.000Z,zone-d,humidity,32.4
2024-03-27T09:57:00.000Z,zone-b,pressure,1018.7
2024-03-27T10:11:00.000Z,zone-a,light,527.7
2024-03-27T10:25:00.000Z,zone-b,temperature,21.5
2024-03-27T12:34:00.000Z,zone-c,light,741.4
2024-03-27T12:43:00.000Z,zone-d,temperature,30.5
2024-03-27T15:45:00.000Z,zone-c,temperature,22.9
2024-03-27T15:53:00.000Z,zone-a,humidity,48.5
2024-03-27T16:09:00.000Z,zone-c,humidity,43
2024-03-27T16:31:00.000Z,zone-c,pressure,996.5
2024-03-27T20:40:00.000Z,zone-c,light,651
2024-03-27T21:55:00.000Z,zone-b,humidity,79.9
2024-03-27T23:05:00.000Z,zone-c,temperature,23.7
2024-03-27T23:40:00.000Z,zone-b,temperature,22.5
2024-03-28T02:15:00.000Z,zone-d,humidity,58.2
2024-03-28T05:05:00.000Z,zone-a,humidity,38.6
2024-03-28T06:29:00.000Z,zone-d,temperature,20.6
2024-03-28T09:01:00.000Z,zone-d,pressure,1001.9
2024-03-28T10:53:00.000Z,zone-c,pressure,1002.3
2024-03-28T11:37:00.000Z,zone-b,light,514.7
2024-03-28T11:53:00.000Z,zone-a,light,550.8
2024-03-28T12:12:00.000Z,zone-a,temperature,33.9
2024-03-28T14:09:00.000Z,zone-a,pressure,1012.7
2024-03-28T15:53:00.000Z,zone-b,pressure,994.2
2024-03-28T16:56:00.000Z,zone-d,light,855.1
2024-03-28T17:56:00.000Z,zone-c,humidity,42.5
2024-03-28T20:48:00.000Z,zone-b,temperature,30.6
2024-03-28T22:56:00.000Z,zone-c,light,545.1
2024-03-29T00:08:00.000Z,zone-d,humidity,69.7
2024-03-29T02:30:00.000Z,zone-b,light,257.8
2024-03-29T02:36:00.000Z,zone-d,temperature,29.7
2024-03-29T03:52:00.000Z,zone-c,pressure,1008.9
2024-03-29T04:34:00.000Z,zone-b,pressure,997.1
2024-03-29T08:08:00.000Z,zone-c,temperature,26.8
2024-03-29T08:21:00.000Z,zone-b,humidity,38.1
2024-03-29T09:12:00.000Z,zone-a,temperature,30.6
2024-03-29T09:18:00.000Z,zone-a,light,375.4
2024-03-29T10:33:00.000Z,zone-c,humidity,45.2
2024-03-29T11:10:00.000Z,zone-a,pressure,1012.5
2024-03-29T16:09:00.000Z,zone-d,light,775.1
2024-03-29T16:55:00.000Z,zone-a,humidity,50.1
2024-03-29T17:06:00.000Z,zone-d,pressure,1001.8
2024-03-29T18:40:00.000Z,zone-a,light,503.6
2024-03-29T20:26:00.000Z,zone-c,temperature,18.1
2024-03-29T20:56:00.000Z,zone-d,temperature,25.9
2024-03-29T22:55:00.000Z,zone-b,pressure,995.5
2024-03-30T00:01:00.000Z,zone-b,light,867.3
2024-03-30T00:53:00.000Z,zone-a,pressure,1008.3
2024-03-30T01:16:00.000Z,zone-d,light,281.7
2024-03-30T02:07:00.000Z,zone-c,humidity,45.7
2024-03-30T03:58:00.000Z,zone-a,temperature,33.9
2024-03-30T05:24:00.000Z,zone-c,pressure,996.3
2024-03-30T07:47:00.000Z,zone-b,humidity,63.3
2024-03-30T08:09:00.000Z,zone-b,temperature,15.4
2024-03-30T11:38:00.000Z,zone-a,humidity,33.3
2024-03-30T12:20:00.000Z,zone-d,pressure,1013.6
2024-03-30T16:57:00.000Z,zone-d,humidity,45.2
2024-03-30T17:03:00.000Z,zone-c,light,564.5